1040.75,1059.75,1080.5,-0.31,1.83,1.99,BUY
1076,1073.5,1078.25,-0.42,-0.23,0.44,BUY
1077.25,1088.75,1108.25,-0.09,1.07,1.81,BUY
1114,1110,1115.5,0.52,-0.36,0.49,BUY
1112.75,1124,1131,-0.25,1.01,0.63,BUY
1135.75,1132.75,1130.25,0.42,-0.26,-0.22,SELL
1144,1130,1132,1.2,-1.22,0.17,BUY
1140.5,1146.25,1150.5,0.75,0.5,0.37,BUY
1157.75,1158.25,1163,0.63,0.04,0.41,BUY
1167,1154,1167.5,0.34,-1.11,1.16,BUY
1185.75,1177.5,1169.25,1.54,-0.7,-0.7,SELL
1170.75,1174,1170.25,0.13,0.28,-0.32,SELL
1180.5,1180.25,1183,0.87,-0.02,0.23,BUY
1180.25,1181,1185,-0.23,0.06,0.34,BUY
1190.75,1187.75,1181.25,0.48,-0.25,-0.55,SELL
1180.5,1186.5,1186.75,-0.06,0.51,0.02,BUY
1191.75,1193.75,1195.5,0.42,0.17,0.15,BUY
1196.5,1188.75,1180.75,0.08,-0.65,-0.67,SELL
1189,1193.5,1192.25,0.69,0.38,-0.11,SELL
1194.25,1185.75,1188.75,0.17,-0.71,0.25,BUY
1181.25,1183.25,1191.5,-0.63,0.17,0.7,BUY
1191.75,1196.75,1203,0.02,0.42,0.52,BUY
1200.25,1201.25,1198,-0.23,0.08,-0.27,SELL
1201,1194.75,1195,0.25,-0.52,0.02,BUY
1196.75,1209,1217,0.15,1.02,0.67,BUY
1217.25,1222.5,1227,0.02,0.43,0.37,BUY
1226.75,1236.25,1238.5,-0.02,0.77,0.18,BUY
1239,1233.75,1228.75,0.04,-0.42,-0.4,SELL
1234,1235.75,1237.25,0.43,0.14,0.12,BUY
1236.25,1227,1235.5,-0.08,-0.75,0.69,BUY
1224.75,1225.25,1220.25,-0.88,0.04,-0.41,SELL
1227.5,1223.75,1221,0.59,-0.31,-0.22,SELL
1224,1229,1235.5,0.25,0.41,0.53,BUY
1238.5,1239,1220,0.24,0.04,-1.53,SELL
1228.25,1238.25,1243.75,0.67,0.81,0.45,BUY
1240,1240.75,1240.5,-0.3,0.06,-0.02,SELL
1229,1235.5,1222.75,-0.94,0.53,-1.04,SELL
1228.5,1232.25,1224.75,0.47,0.31,-0.61,SELL
1222.5,1221.75,1226,-0.18,-0.06,0.35,BUY
1219.5,1211.75,1199.5,-0.53,-0.64,-1,SELL
1201,1204.5,1180,0.12,0.29,-2.04,SELL
1184.75,1178.25,1184.75,0.4,-0.55,0.55,BUY
1169,1176.75,1176.75,-1.35,0.66,0,SELL
1193,1197.25,1209.75,1.36,0.36,1.05,BUY
1222,1213.25,1223.75,1,-0.72,0.86,BUY
1225.5,1233.5,1230.75,0.14,0.65,-0.22,SELL
1232.75,1233.75,1240.75,0.16,0.08,0.57,BUY
1244.25,1246.75,1248.25,0.28,0.2,0.12,BUY
1245.75,1242.25,1237,-0.2,-0.28,-0.42,SELL
1242.5,1240.25,1231.5,0.44,-0.18,-0.7,SELL
1201.5,1211,1193,-2.5,0.79,-1.5,SELL
1208.5,1207.25,1225.5,1.28,-0.1,1.51,BUY
1222,1224.5,1215,-0.29,0.2,-0.78,SELL
1224.75,1229.5,1224.75,0.8,0.39,-0.39,SELL
1220.75,1228.5,1235.25,-0.33,0.63,0.55,BUY
1224,1225.75,1207,-0.92,0.14,-1.53,SELL
1219.5,1203.25,1226.75,1.03,-1.33,1.93,BUY
1221.75,1223.25,1239.25,-0.41,0.12,1.31,BUY
1244,1239.25,1246.75,0.38,-0.38,0.6,BUY
1251,1263,1261,0.34,0.96,-0.16,SELL
1273.5,1283,1294.5,0.98,0.75,0.9,BUY
1300.5,1305.25,1304.75,0.46,0.37,-0.04,SELL
1299.25,1313.5,1323.25,-0.42,1.1,0.75,BUY
1319.5,1317.25,1303.75,-0.28,-0.17,-1.02,SELL
1318,1313.25,1329.5,1.08,-0.36,1.23,BUY
1325.25,1328.25,1340.25,-0.32,0.23,0.91,BUY
1351.25,1346.25,1343,0.81,-0.37,-0.24,SELL
1347.5,1339.75,1343.5,0.33,-0.58,0.28,BUY
1352.5,1360,1364.75,0.67,0.55,0.35,BUY
1366.75,1349.5,1349.25,0.15,-1.26,-0.02,SELL
1346.5,1352.25,1355.75,-0.2,0.43,0.26,BUY
1356,1356,1367.25,0.02,0,0.83,BUY
1359,1361,1361.5,-0.61,0.15,0.04,BUY
1363,1361.5,1373.25,0.11,-0.11,0.86,BUY
1371.75,1363.75,1363.5,-0.11,-0.58,-0.02,SELL
1367.75,1391.25,1392.25,0.31,1.72,0.07,BUY
1399.5,1407.5,1412.75,0.52,0.57,0.38,BUY
1410.25,1408.25,1414.75,-0.18,-0.14,0.46,BUY
1406.75,1405,1402.5,-0.57,-0.12,-0.18,SELL
1409.5,1417.75,1420.5,0.5,0.59,0.2,BUY
1419,1429.5,1432.5,-0.11,0.74,0.21,BUY
1429,1433.75,1435,-0.24,0.33,0.09,BUY
1445.75,1441.25,1450.75,0.74,-0.31,0.66,BUY
1450.25,1448,1458.5,-0.03,-0.16,0.72,BUY
1453.25,1452.25,1452.75,-0.36,-0.07,0.03,BUY
1452,1454.75,1454,-0.05,0.19,-0.05,SELL
1456.5,1455,1464.5,0.17,-0.1,0.65,BUY
1462.75,1469.25,1459.25,-0.12,0.44,-0.68,SELL
1459.5,1456.75,1435,0.02,-0.19,-1.49,SELL
1433.5,1418.5,1437.75,-0.1,-1.05,1.34,BUY
1446.75,1446.5,1442.25,0.62,-0.02,-0.29,SELL
1443.75,1444.25,1433,0.1,0.03,-0.78,SELL
1428.75,1425,1432.5,-0.3,-0.26,0.52,BUY
1428,1426,1414.75,-0.32,-0.14,-0.79,SELL
1409,1427.25,1436,-0.41,1.3,0.62,BUY
1433.75,1430.25,1434.75,-0.16,-0.24,0.31,BUY
1442,1440,1436.5,0.5,-0.14,-0.24,SELL
1443,1450.75,1461.75,0.45,0.54,0.76,BUY
1462.75,1445.25,1448.5,0.07,-1.2,0.22,BUY
1453.25,1447.75,1471.25,0.33,-0.38,1.62,BUY
1484.25,1486.5,1480,0.88,0.15,-0.44,SELL
1482.5,1484.75,1492.5,0.17,0.15,0.52,BUY
1489.75,1479.5,1480.5,-0.18,-0.69,0.07,BUY
1481,1483.25,1483.75,0.03,0.15,0.03,BUY
1481.5,1486.25,1476.5,-0.15,0.32,-0.66,SELL
1460,1451,1463.5,-1.13,-0.62,0.86,BUY
1470.25,1473,1461.25,0.46,0.19,-0.8,SELL
1467.25,1476,1483.25,0.41,0.6,0.49,BUY
1478.25,1478.5,1465.5,-0.34,0.02,-0.88,SELL
1458.5,1472,1463.5,-0.48,0.93,-0.58,SELL
1492,1489.25,1491.5,1.91,-0.18,0.15,BUY
1492.5,1494.5,1483.5,0.07,0.13,-0.74,SELL
1492.25,1492.25,1496.75,0.59,0,0.3,BUY
1499,1497,1500.5,0.15,-0.13,0.23,BUY
1502.5,1498.5,1502,0.13,-0.27,0.23,BUY
1504.25,1500.5,1503,0.15,-0.25,0.17,BUY
1517.5,1510.75,1500.5,0.96,-0.44,-0.68,SELL
1490,1484.75,1462.5,-0.7,-0.35,-1.49,SELL
1471,1481.75,1486.5,0.58,0.73,0.32,BUY
1495.25,1490.5,1504.25,0.59,-0.32,0.92,BUY
1522.25,1499.25,1515,1.18,-1.51,1.03,BUY
1506.75,1502.5,1494.5,-0.55,-0.28,-0.53,SELL
1505,1503,1507,0.7,-0.13,0.27,BUY
1517.5,1510.25,1529.75,0.69,-0.48,1.29,BUY
1521.25,1503.25,1489.25,-0.56,-1.18,-0.92,SELL
1501.25,1467.75,1448,0.8,-2.23,-1.32,SELL
1454.75,1454.5,1446.75,0.46,-0.02,-0.53,SELL
1444.5,1442,1409.25,-0.16,-0.17,-2.27,SELL
1413.25,1406,1403.5,0.28,-0.51,-0.18,SELL
1391,1382.25,1403,-0.9,-0.63,1.49,BUY
1414.25,1406.25,1437.5,0.8,-0.57,2.21,BUY
1435.25,1431.75,1434.5,-0.16,-0.24,0.19,BUY
1423.5,1412.25,1418.25,-0.77,-0.79,0.42,BUY
1455.25,1450.75,1435.75,2.54,-0.31,-1.03,SELL
1443.5,1440,1442.25,0.54,-0.24,0.16,BUY
1450.25,1446,1450,0.55,-0.29,0.28,BUY
1457.5,1455.5,1461.5,0.51,-0.14,0.41,BUY
1454.75,1454.25,1464.5,-0.46,-0.03,0.7,BUY
1465.5,1464.25,1470,0.07,-0.09,0.39,BUY
1471,1467,1469.75,0.07,-0.27,0.19,BUY
1472.75,1471,1466,0.2,-0.12,-0.34,SELL
1465.75,1469.5,1486.25,-0.02,0.26,1.14,BUY
1483.5,1485.75,1489.5,-0.19,0.15,0.25,BUY
1491,1477.75,1465.75,0.1,-0.89,-0.8,SELL
1471.75,1469.5,1472.25,0.41,-0.15,0.19,BUY
1477,1459.25,1463.5,0.32,-1.2,0.29,BUY
1464,1466,1466.5,0.03,0.14,0.03,BUY
1459.5,1447,1447.25,-0.48,-0.86,0.02,BUY
1434.5,1430.5,1427.25,-0.89,-0.28,-0.23,SELL
1422.5,1424.5,1413,-0.33,0.14,-0.81,SELL
1413,1395.25,1410.5,0,-1.26,1.08,BUY
1402,1420.25,1430,-0.61,1.3,0.7,BUY
1428.5,1435.5,1426.5,-0.11,0.49,-0.63,SELL
1426.5,1431.5,1419.5,0,0.35,-0.84,SELL
1403,1393.75,1388.5,-1.18,-0.66,-0.37,SELL
1381.5,1381.75,1406.5,-0.51,0.02,1.79,BUY
1400,1396.75,1390,-0.46,-0.23,-0.48,SELL
1384.5,1369.75,1385.5,-0.4,-1.07,1.14,BUY
1417.75,1412,1429,2.27,-0.41,1.2,BUY
1434,1443.75,1441.75,0.35,0.68,-0.14,SELL
1446,1429.5,1432.5,0.29,-1.14,0.21,BUY
1421.75,1427.5,1423.25,-0.76,0.4,-0.3,SELL
1413.5,1413.25,1429.75,-0.69,-0.02,1.17,BUY
1371.5,1392.5,1382,-4.25,1.53,-0.77,SELL
1377.5,1374.5,1364.5,-0.33,-0.22,-0.73,SELL
1369.25,1390.75,1398.75,0.35,1.57,0.58,BUY
1388.75,1385.75,1380.75,-0.72,-0.22,-0.36,SELL
1383.75,1381.5,1376.25,0.22,-0.16,-0.38,SELL
1350.5,1359,1350.75,-1.91,0.63,-0.61,SELL
1359,1357.25,1337.75,0.61,-0.13,-1.43,SELL
1344.25,1338.75,1343.75,0.48,-0.41,0.37,BUY
1350,1363.25,1373,0.46,0.98,0.72,BUY
1403.25,1402,1409.5,2.16,-0.09,0.53,BUY
1426.75,1437.25,1435.5,1.21,0.74,-0.12,SELL
1436.25,1430.5,1438.25,0.05,-0.4,0.54,BUY
1433.5,1429.75,1424.5,-0.33,-0.26,-0.37,SELL
1435.75,1458.25,1459,0.78,1.57,0.05,BUY
1467,1457.25,1458.5,0.55,-0.66,0.09,BUY
1466.25,1477.75,1477,0.53,0.78,-0.05,SELL
1482,1474.75,1458,0.34,-0.49,-1.13,SELL
1451.25,1451.75,1445.25,-0.47,0.03,-0.45,SELL
1457.75,1446.5,1445,0.86,-0.77,-0.1,SELL
1442.5,1446.75,1435,-0.17,0.29,-0.81,SELL
1430.25,1419,1404.5,-0.33,-0.79,-1.01,SELL
1415,1416.25,1411,0.74,0.09,-0.37,SELL
1421.25,1412.5,1421.75,0.72,-0.62,0.65,BUY
1431,1430.5,1425,0.65,-0.03,-0.38,SELL
1429.75,1425.75,1438,0.33,-0.28,0.86,BUY
1438.5,1439.25,1440,0.03,0.05,0.05,BUY
1437,1436.75,1435.75,-0.21,-0.02,-0.07,SELL
1439.25,1446.25,1449,0.24,0.49,0.19,BUY
1447,1446,1444.25,-0.14,-0.07,-0.12,SELL
1440.75,1444.25,1434,-0.24,0.24,-0.71,SELL
1445.25,1440.5,1462,0.78,-0.33,1.49,BUY
1454.75,1445.25,1441.5,-0.5,-0.65,-0.26,SELL
1425.75,1410.25,1395.5,-1.1,-1.09,-1.03,SELL
1420.25,1419,1419,1.74,-0.09,0,SELL
1417.25,1413.25,1410,-0.12,-0.28,-0.23,SELL
1421.5,1415.75,1415.75,0.81,-0.4,0,SELL
1410.5,1409.5,1410.25,-0.37,-0.07,0.05,BUY
1397,1389.5,1379.5,-0.95,-0.54,-0.72,SELL
1368.75,1371.25,1360.25,-0.79,0.18,-0.8,SELL
1337,1350.5,1322.75,-1.74,1.01,-2.08,SELL
1277.25,1287.5,1272.5,-3.56,0.8,-1.17,SELL
1272,1291,1300,-0.04,1.49,0.71,BUY
1282.5,1284.25,1283.25,-1.36,0.14,-0.08,SELL
1321.25,1321.25,1327,2.88,0,0.44,BUY
1330.25,1324.75,1332.25,0.24,-0.41,0.56,BUY
1321.5,1323.25,1319.75,-0.81,0.13,-0.26,SELL
1307.25,1296.75,1295.5,-0.96,-0.8,-0.1,SELL
1304.75,1292,1294.75,0.71,-0.98,0.21,BUY
1311.25,1312.25,1325.5,1.26,0.08,1.01,BUY
1306,1297.5,1285,-1.49,-0.65,-0.96,SELL
1301,1294.5,1296,1.23,-0.5,0.12,BUY
1304.25,1318.75,1313.25,0.63,1.11,-0.42,SELL
1344,1343,1329.25,2.29,-0.07,-1.02,SELL
1317,1325.5,1319.5,-0.93,0.65,-0.46,SELL
1323,1313.75,1312.75,0.26,-0.7,-0.08,SELL
1312.75,1300.75,1296,0,-0.91,-0.36,SELL
1291.25,1277.5,1292.75,-0.37,-1.06,1.18,BUY
1303.5,1305.75,1306,0.82,0.17,0.02,BUY
1311.5,1308,1310.25,0.42,-0.27,0.17,BUY
1300.75,1281,1279,-0.73,-1.52,-0.15,SELL
1270,1279.5,1285.75,-0.71,0.75,0.49,BUY
1286.25,1259.5,1251.25,0.04,-2.08,-0.64,SELL
1249.75,1251.25,1245.75,-0.12,0.12,-0.44,SELL
1246.25,1232.25,1210.25,0.04,-1.12,-1.77,SELL
1227.5,1244.75,1241.5,1.41,1.41,-0.26,SELL
1237.5,1228.75,1213,-0.32,-0.71,-1.27,SELL
1200.25,1219,1216.75,-1.06,1.56,-0.19,SELL
1237.25,1241.5,1240.25,1.66,0.34,-0.1,SELL
1258,1254,1227.75,1.41,-0.32,-2.09,SELL
1244.25,1253.25,1235.75,1.33,0.72,-1.41,SELL
1260,1268.75,1278.25,1.92,0.69,0.75,BUY
1277.25,1275.5,1281.5,-0.08,-0.14,0.47,BUY
1283,1287.5,1276.25,0.12,0.35,-0.88,SELL
1274.75,1278.25,1289.25,-0.12,0.27,0.86,BUY
1304.25,1304.75,1307.75,1.15,0.04,0.23,BUY
1312,1314.25,1305.5,0.32,0.17,-0.67,SELL
1306.5,1284.75,1286.75,0.08,-1.66,0.15,BUY
1276.75,1273.25,1265.75,-0.78,-0.27,-0.59,SELL
1276.75,1268.75,1276.75,0.86,-0.63,0.63,BUY
1288.75,1292.5,1278,0.93,0.29,-1.13,SELL
1279.75,1287.5,1282.75,0.14,0.61,-0.37,SELL
1291,1280,1291.5,0.64,-0.85,0.89,BUY
1284.5,1279.5,1278,-0.54,-0.39,-0.12,SELL
1270.5,1268,1308.25,-0.59,-0.2,3.17,BUY
1315.25,1323.25,1329,0.53,0.61,0.44,BUY
1331.5,1334.25,1330.5,0.19,0.21,-0.28,SELL
1327,1318.5,1313.25,-0.26,-0.64,-0.4,SELL
1318.75,1315.75,1325.75,0.42,-0.23,0.76,BUY
1331,1318,1320.25,0.39,-0.98,0.17,BUY
1307.25,1331.25,1327,-0.99,1.84,-0.33,SELL
1331.5,1329.5,1331.75,0.34,-0.15,0.17,BUY
1341.25,1350.5,1355.5,0.71,0.69,0.37,BUY
1356.25,1354.5,1349.75,0.06,-0.13,-0.35,SELL
1350,1346,1352.75,0.02,-0.3,0.5,BUY
1358.75,1358.25,1338,0.44,-0.04,-1.49,SELL
1343.25,1316.25,1324.75,0.39,-2.01,0.63,BUY
1329.25,1334,1339.25,0.34,0.36,0.39,BUY
1334.75,1331.5,1313.75,-0.34,-0.24,-1.33,SELL
1309.25,1302.75,1300.75,-0.34,-0.5,-0.15,SELL
1284.25,1307.5,1303.75,-1.28,1.81,-0.29,SELL
1320.25,1333,1341,1.25,0.97,0.61,BUY
1333.5,1333.5,1340.25,-0.56,0,0.51,BUY
1350.75,1355.5,1339,0.78,0.35,-1.22,SELL
1344.5,1340.25,1346.25,0.41,-0.32,0.45,BUY
1336.25,1324.5,1316.75,-0.75,-0.88,-0.58,SELL
1324.5,1328.5,1333,0.59,0.3,0.34,BUY
1331.5,1342.25,1350.75,-0.11,0.81,0.64,BUY
1342.5,1352.75,1351,-0.61,0.76,-0.13,SELL
1344.75,1361.25,1366.5,-0.46,1.23,0.39,BUY
1367.75,1369,1358.75,0.09,0.09,-0.75,SELL
1359.5,1360.5,1364,0.06,0.07,0.26,BUY
1356,1369.5,1331.75,-0.59,1,-2.78,SELL
1323.5,1315,1314,-0.62,-0.64,-0.08,SELL
1323,1330,1322,0.68,0.53,-0.6,SELL
1315.25,1300.75,1283.25,-0.51,-1.1,-1.33,SELL
1287.75,1266,1271,0.35,-1.69,0.39,BUY
1262.5,1269.25,1261.75,-0.67,0.53,-0.59,SELL
1254.25,1240.5,1229,-0.6,-1.1,-0.92,SELL
1240.75,1240.75,1216,0.95,0,-1.99,SELL
1220.75,1240.5,1253.25,0.39,1.62,1.04,BUY
1255.25,1263.25,1254.25,0.16,0.64,-0.72,SELL
1287,1283,1262.75,2.54,-0.31,-1.57,SELL
1251.25,1255.25,1250.5,-0.92,0.32,-0.38,SELL
1255.75,1265.25,1246.25,0.42,0.76,-1.51,SELL
1253.5,1245.75,1240.75,0.58,-0.62,-0.4,SELL
1257.25,1262.75,1270.75,1.31,0.44,0.64,BUY
1273,1269.5,1260.75,0.18,-0.27,-0.69,SELL
1271.25,1271.75,1279,0.83,0.04,0.57,BUY
1280.5,1276.5,1275.25,0.12,-0.31,-0.1,SELL
1242.75,1232,1217.5,-2.62,-0.87,-1.17,SELL
1160.25,1172.25,1180.5,-4.93,1.03,0.71,BUY
1188.25,1196,1176,0.65,0.65,-1.68,SELL
1169.75,1173,1176,-0.53,0.28,0.26,BUY
1173.5,1192.5,1175.25,-0.21,1.62,-1.47,SELL
1191,1199.25,1187.25,1.32,0.69,-1.01,SELL
1171.5,1157.25,1164.25,-1.34,-1.22,0.6,BUY
1167,1148.5,1132.5,0.24,-1.59,-1.37,SELL
1140.75,1143.25,1131.75,0.72,0.22,-1.01,SELL
1155,1164.5,1157.25,2.01,0.82,-0.63,SELL
1128.5,1124,1119.25,-2.55,-0.4,-0.42,SELL
1120.75,1126,1140.5,0.13,0.47,1.29,BUY
1167,1178,1186.5,2.27,0.94,0.73,BUY
1184.5,1184,1178.5,-0.17,-0.04,-0.46,SELL
1160,1177.5,1199.25,-1.59,1.51,1.88,BUY
1193.5,1183.25,1191.75,-0.48,-0.86,0.71,BUY
1182,1177.25,1159.75,-0.82,-0.4,-1.48,SELL
1184.25,1166.75,1181.75,2.07,-1.48,1.27,BUY
1191.75,1176.5,1167.25,0.84,-1.28,-0.78,SELL
1165.5,1151.5,1147.5,-0.15,-1.2,-0.34,SELL
1145.5,1142.25,1131.75,-0.17,-0.28,-0.92,SELL
1154.5,1152.5,1162,1.97,-0.17,0.82,BUY
1158,1167.5,1154.5,-0.35,0.82,-1.12,SELL
1162.5,1127.25,1097.5,0.69,-3.03,-2.56,SELL
1101.75,1106.75,1100,0.39,0.45,-0.61,SELL
1109.5,1126.25,1125.25,0.86,1.51,-0.09,SELL
1106.5,1090,1074.75,-1.69,-1.49,-1.38,SELL
1090.75,1095.25,1106.25,1.47,0.41,1.01,BUY
1142.5,1153.75,1161.5,3.17,0.98,0.68,BUY
1169.5,1156.25,1151.5,0.68,-1.13,-0.41,SELL
1166.25,1181.75,1197.75,1.26,1.33,1.37,BUY
1206,1199.75,1190,0.68,-0.52,-0.81,SELL
1185.25,1184,1180.5,-0.4,-0.11,-0.3,SELL
1195.25,1207.5,1209.75,1.23,1.02,0.19,BUY
1199.25,1203.75,1194,-0.88,0.38,-0.81,SELL
1192.5,1167.75,1153,-0.13,-2.08,-1.24,SELL
1169,1172.5,1186.25,1.37,0.3,1.18,BUY
1199.75,1202,1195.75,1.13,0.19,-0.52,SELL
1177.5,1179,1203.25,-1.55,0.13,2.06,BUY
1184.75,1200.75,1218.5,-1.56,1.35,1.5,BUY
1224.25,1214.75,1210,0.47,-0.78,-0.39,SELL
1218,1220,1218.25,0.66,0.16,-0.14,SELL
1224.5,1224,1233.75,0.51,-0.04,0.8,BUY
1225.5,1217.75,1225.5,-0.67,-0.63,0.63,BUY
1219,1218.75,1219.25,-0.53,-0.02,0.04,BUY
1214.25,1222.75,1226.75,-0.41,0.7,0.33,BUY
1223.25,1224.5,1213.5,-0.29,0.1,-0.9,SELL
1230.75,1244.25,1246.75,1.4,1.1,0.2,BUY
1253.25,1252.5,1252.5,0.52,-0.06,0,SELL
1244.5,1237.75,1232.25,-0.64,-0.54,-0.44,SELL
1239.75,1228.25,1222.75,0.6,-0.93,-0.44,SELL
1235,1202.25,1222.5,0.99,-2.65,1.64,BUY
1223.25,1222.75,1231,0.06,-0.04,0.67,BUY
1220.75,1224.5,1218,-0.84,0.31,-0.53,SELL
1212.75,1207.5,1223.75,-0.43,-0.43,1.34,BUY
1226.5,1222.25,1211,0.22,-0.35,-0.92,SELL
1199,1187.25,1193.5,-1,-0.98,0.52,BUY
1205.25,1218.25,1222.5,0.97,1.08,0.35,BUY
1214.25,1213.5,1209.5,-0.68,-0.06,-0.33,SELL
1196.25,1199.25,1206.25,-1.11,0.25,0.59,BUY
1202.75,1212.25,1207.5,-0.29,0.79,-0.39,SELL
1196.25,1175.5,1178.25,-0.94,-1.73,0.23,BUY
1178.75,1188,1199.25,0.04,0.78,0.95,BUY
1197.75,1190.25,1184.25,-0.13,-0.63,-0.5,SELL
1193,1204.75,1220.25,0.73,0.98,1.3,BUY
1213.25,1224.75,1224.5,-0.58,0.95,-0.02,SELL
1218.5,1220.75,1221.5,-0.49,0.18,0.06,BUY
1237,1251.25,1251.5,1.25,1.15,0.02,BUY
1258.75,1256.25,1249.5,0.58,-0.2,-0.54,SELL
1248.25,1248.5,1246.75,-0.1,0.02,-0.14,SELL
1237,1245,1247.5,-0.79,0.65,0.2,BUY
1255.25,1274.5,1277.25,0.62,1.53,0.22,BUY
1271.75,1275.75,1284.75,-0.43,0.31,0.71,BUY
1280.5,1270.5,1277,-0.33,-0.78,0.51,BUY
1271.25,1265.25,1264,-0.45,-0.47,-0.1,SELL
1264.75,1259,1254.25,0.06,-0.45,-0.38,SELL
1259.75,1258.25,1254.75,0.44,-0.12,-0.28,SELL
1256.75,1259.75,1255.25,0.16,0.24,-0.36,SELL
1249.25,1241,1259.5,-0.48,-0.66,1.48,BUY
1243.5,1244,1231,-1.29,0.04,-1.05,SELL
1234.75,1226.75,1223.5,0.3,-0.65,-0.26,SELL
1220.25,1200,1205.25,-0.27,-1.66,0.43,BUY
1185.25,1186,1182.75,-1.69,0.06,-0.27,SELL
1197.5,1210.75,1204.75,1.23,1.11,-0.5,SELL
1215.25,1215.25,1208.75,0.86,0,-0.53,SELL
1215.75,1206.25,1203.75,0.58,-0.78,-0.21,SELL
1197,1210.5,1190.5,-0.56,1.13,-1.67,SELL
1184.25,1194.75,1199.75,-0.53,0.89,0.42,BUY
1193.25,1202.5,1214.25,-0.54,0.78,0.98,BUY
1218.25,1220.75,1208.75,0.33,0.21,-0.99,SELL
1204,1211.25,1220.75,-0.39,0.6,0.79,BUY
1213,1206.5,1200.25,-0.64,-0.54,-0.52,SELL
1211.75,1217.25,1222.25,0.95,0.45,0.41,BUY
1225,1216,1218.75,0.22,-0.73,0.22,BUY
1209,1220,1238.5,-0.81,0.91,1.53,BUY
1247,1247.5,1248.75,0.68,0.04,0.1,BUY
1248.25,1254,1257.5,-0.04,0.46,0.28,BUY
1256.25,1258,1257.5,-0.1,0.14,-0.04,SELL
1259.25,1255.75,1261.5,0.14,-0.28,0.46,BUY
1262.5,1260.25,1249.25,0.08,-0.18,-0.87,SELL
1248,1238,1238,-0.1,-0.8,0,SELL
1243,1244,1239,0.4,0.08,-0.4,SELL
1242.5,1249,1226.25,0.28,0.52,-1.83,SELL
1243.75,1248.25,1249,1.41,0.36,0.06,BUY
1241.75,1244,1244,-0.58,0.18,0,SELL
1243.75,1232.5,1224.5,-0.02,-0.9,-0.64,SELL
1223.25,1205.75,1196.75,-0.1,-1.43,-0.74,SELL
1182,1178,1177.5,-1.25,-0.34,-0.04,SELL
1166.25,1156.75,1159,-0.96,-0.81,0.19,BUY
1167.25,1174,1189.75,0.71,0.58,1.35,BUY
1166.75,1169.75,1157.75,-1.97,0.26,-1.03,SELL
1168.75,1172.75,1183.25,0.94,0.34,0.9,BUY
1210.5,1217.5,1224.25,2.25,0.58,0.56,BUY
1220,1219.75,1226.25,-0.35,-0.02,0.53,BUY
1233.5,1228.25,1237.25,0.59,-0.43,0.73,BUY
1235.25,1244.75,1243.75,-0.16,0.77,-0.08,SELL
1158.5,1165.75,1124.75,-7.36,0.63,-3.54,SELL
1153.25,1160,1162.75,2.47,0.59,0.24,BUY
1174.75,1184.25,1194,1.02,0.81,0.83,BUY
1195.5,1199.5,1204.25,0.13,0.33,0.4,BUY
1217.25,1215,1225,1.07,-0.18,0.82,BUY
1228,1218.75,1207.75,0.24,-0.75,-0.9,SELL
1204.75,1199,1186.25,-0.25,-0.48,-1.06,SELL
1178,1174.5,1169,-0.7,-0.3,-0.47,SELL
1177.5,1194.5,1189.25,0.72,1.44,-0.45,SELL
1185.25,1194.5,1209.25,-0.34,0.78,1.24,BUY
1219.75,1223.5,1235.25,0.86,0.31,0.96,BUY
1233.25,1241.75,1239.75,-0.16,0.69,-0.16,SELL
1239.25,1245.75,1242.25,-0.04,0.52,-0.28,SELL
1247.5,1253,1251.75,0.42,0.44,-0.1,SELL
1247,1253.25,1259.5,-0.38,0.5,0.5,BUY
1257.25,1248.75,1253.5,-0.18,-0.68,0.38,BUY
1253.5,1251.5,1256.5,0,-0.16,0.4,BUY
1263.5,1268,1272.5,0.55,0.36,0.36,BUY
1274.5,1261.75,1268,0.16,-1,0.49,BUY
1263.5,1263.25,1264,-0.36,-0.02,0.06,BUY
1271.25,1280.75,1270,0.57,0.75,-0.85,SELL
1273,1265.5,1270,0.24,-0.59,0.35,BUY
1278,1279.5,1273,0.63,0.12,-0.51,SELL
1273.25,1266.25,1271,0.02,-0.55,0.37,BUY
1274.75,1273,1273.5,0.29,-0.14,0.04,BUY
1282.75,1267,1268.25,0.72,-1.23,0.1,BUY
1267,1252,1245.25,-0.1,-1.18,-0.53,SELL
1249.5,1240.5,1239.75,0.34,-0.72,-0.06,SELL
1246.25,1245.75,1252.75,0.52,-0.04,0.56,BUY
1254.5,1255.5,1266.75,0.14,0.08,0.9,BUY
1270,1271,1272,0.26,0.08,0.08,BUY
1270.5,1281.5,1299.25,-0.12,0.87,1.4,BUY
1291.25,1293.25,1292.5,-0.62,0.15,-0.06,SELL
1296.75,1298.5,1303.25,0.33,0.13,0.37,BUY
1304.5,1301.25,1301.25,0.1,-0.25,0,SELL
1303.5,1306.5,1307,0.17,0.23,0.04,BUY
1302,1301,1294.5,-0.38,-0.08,-0.5,SELL
1299.25,1289.75,1282,0.37,-0.73,-0.6,SELL
1291.75,1290.25,1291.5,0.75,-0.12,0.1,BUY
1293.5,1280.75,1280.5,0.15,-0.99,-0.02,SELL
1278.75,1287,1280.25,-0.14,0.65,-0.53,SELL
1286.75,1293.25,1293.5,0.51,0.51,0.02,BUY
1293,1304.25,1300.75,-0.04,0.87,-0.27,SELL
1296.25,1296,1293.5,-0.35,-0.02,-0.19,SELL
1288,1295.75,1300.25,-0.43,0.6,0.35,BUY
1293.75,1294.25,1299.5,-0.5,0.04,0.41,BUY
1305,1311.5,1307,0.42,0.5,-0.34,SELL
1306.75,1316.5,1307.25,-0.02,0.75,-0.71,SELL
1310.25,1313.5,1306,0.23,0.25,-0.57,SELL
1310,1311.75,1324.5,0.31,0.13,0.97,BUY
1329.25,1330.25,1328.75,0.36,0.08,-0.11,SELL
1333,1330.75,1325.5,0.32,-0.17,-0.39,SELL
1331.25,1329.5,1329.5,0.43,-0.13,0,SELL
1330.75,1329.75,1329,0.09,-0.08,-0.06,SELL
1324,1322.5,1313.75,-0.38,-0.11,-0.66,SELL
1291.75,1294.25,1307,-1.7,0.19,0.99,BUY
1312.75,1307.5,1301.25,0.44,-0.4,-0.48,SELL
1305.25,1303.5,1300,0.31,-0.13,-0.27,SELL
1291,1297.25,1307.25,-0.7,0.48,0.77,BUY
1301.75,1300,1296,-0.42,-0.13,-0.31,SELL
1303,1308.75,1309.25,0.54,0.44,0.04,BUY
1307.75,1310.25,1308.5,-0.11,0.19,-0.13,SELL
1318.25,1323,1311.5,0.74,0.36,-0.87,SELL
1322.75,1332,1336.5,0.85,0.7,0.34,BUY
1334.5,1324.75,1326,-0.15,-0.73,0.09,BUY
1318,1307.75,1308,-0.61,-0.78,0.02,BUY
1315.75,1295.25,1310.5,0.59,-1.56,1.16,BUY
1319,1317.5,1314.75,0.64,-0.11,-0.21,SELL
1329.25,1327.5,1325,1.09,-0.13,-0.19,SELL
1306.75,1317.75,1329.5,-1.4,0.84,0.9,BUY
1329.25,1336,1334.75,-0.02,0.51,-0.09,SELL
1334.5,1341,1346.75,-0.02,0.49,0.43,BUY
1338.5,1338.5,1343,-0.62,0,0.34,BUY
1347.5,1344.5,1348.5,0.33,-0.22,0.3,BUY
1346.25,1340.5,1341,-0.17,-0.43,0.04,BUY
1343.75,1346,1357.5,0.2,0.17,0.86,BUY
1355,1353.75,1345.5,-0.18,-0.09,-0.61,SELL
1336,1341,1335,-0.71,0.37,-0.45,SELL
1326.75,1322.75,1319.25,-0.62,-0.3,-0.26,SELL
1330.25,1335.25,1338.5,0.83,0.38,0.24,BUY
1333.25,1329.75,1328.5,-0.39,-0.26,-0.09,SELL
1341,1346.5,1349.75,0.93,0.41,0.24,BUY
1351.5,1344,1346.25,0.13,-0.55,0.17,BUY
1348,1345,1358.5,0.13,-0.22,1,BUY
1354.5,1354,1355.5,-0.3,-0.04,0.11,BUY
1363.5,1363,1351.75,0.59,-0.04,-0.83,SELL
1353,1349.75,1346.5,0.09,-0.24,-0.24,SELL
1351.25,1338,1348.25,0.35,-0.98,0.76,BUY
1347.25,1343.5,1350.25,-0.07,-0.28,0.5,BUY
1344,1351.5,1357.25,-0.47,0.56,0.43,BUY
1352.75,1349.25,1340.75,-0.33,-0.26,-0.63,SELL
1352.75,1343.75,1329,0.89,-0.67,-1.09,SELL
1324.25,1319.5,1313,-0.36,-0.36,-0.49,SELL
1309.75,1321.75,1317.5,-0.25,0.92,-0.32,SELL
1316.25,1318.5,1329.75,-0.09,0.17,0.85,BUY
1328.25,1325.75,1335.5,-0.11,-0.19,0.73,BUY
1288,1328.25,1351.5,-3.69,3.13,1.81,BUY
1362.5,1368,1356.5,0.81,0.4,-0.84,SELL
1365,1354.75,1347,0.62,-0.75,-0.57,SELL
1359.75,1346.5,1337,0.94,-0.97,-0.7,SELL
1344.5,1348.5,1364.5,0.56,0.3,1.19,BUY
1367,1364.5,1352.75,0.18,-0.18,-0.86,SELL
1351.75,1360.25,1368,-0.07,0.63,0.57,BUY
1374.25,1367.75,1373.25,0.45,-0.47,0.4,BUY
1377,1374,1374.5,0.27,-0.22,0.04,BUY
1383.75,1382,1379.75,0.67,-0.13,-0.16,SELL
1381.25,1378.5,1379,0.11,-0.2,0.04,BUY
1383,1376,1380.75,0.29,-0.51,0.34,BUY
1380,1378.25,1385.75,-0.05,-0.13,0.54,BUY
1380,1377.75,1369.5,-0.42,-0.16,-0.6,SELL
1366.25,1366.75,1362,-0.24,0.04,-0.35,SELL
1366.5,1370.25,1374.75,0.33,0.27,0.33,BUY
1373.25,1372.5,1373.5,-0.11,-0.05,0.07,BUY
1367.75,1359.75,1367.5,-0.42,-0.58,0.57,BUY
1361.5,1381,1380.25,-0.44,1.43,-0.06,SELL
1381.25,1379.25,1387.25,0.07,-0.14,0.58,BUY
1395.5,1395,1400.5,0.59,-0.04,0.39,BUY
1404.5,1403.5,1415.25,0.28,-0.07,0.84,BUY
1413.75,1418.75,1429.75,-0.11,0.35,0.78,BUY
1429.75,1427.75,1435.5,0,-0.14,0.54,BUY
1433.5,1436.75,1448.25,-0.14,0.23,0.8,BUY
1443.25,1443,1439.25,-0.35,-0.02,-0.26,SELL
1436.75,1436.75,1448,-0.17,0,0.78,BUY
1446,1444.5,1448.25,-0.14,-0.1,0.26,BUY
1447.25,1448.5,1441.25,-0.07,0.09,-0.5,SELL
1441.5,1435.25,1433.75,0.02,-0.43,-0.1,SELL
1430.5,1424,1424.75,-0.23,-0.45,0.05,BUY
1420.25,1417.75,1415.5,-0.32,-0.18,-0.16,SELL
1421,1422.25,1423.75,0.39,0.09,0.11,BUY
1424.75,1427.5,1431.25,0.07,0.19,0.26,BUY
1428.25,1426.75,1424.25,-0.21,-0.11,-0.18,SELL
1415.75,1419,1415.75,-0.6,0.23,-0.23,SELL
1413.5,1414.25,1416.75,-0.16,0.05,0.18,BUY
1413,1425.75,1424.75,-0.27,0.9,-0.07,SELL
1426.75,1426.25,1431,0.14,-0.04,0.33,BUY
1434,1427,1427.5,0.21,-0.49,0.03,BUY
1417.25,1410,1406.75,-0.72,-0.51,-0.23,SELL
1413.5,1412.25,1407,0.48,-0.09,-0.37,SELL
1404.75,1407.25,1412.75,-0.16,0.18,0.39,BUY
1406,1409.25,1401.5,-0.48,0.23,-0.55,SELL
1409.75,1409.5,1420.25,0.59,-0.02,0.76,BUY
1411.5,1412.75,1410.75,-0.62,0.09,-0.14,SELL
1407,1399,1403.25,-0.27,-0.57,0.3,BUY
1409.25,1406.75,1412.25,0.43,-0.18,0.39,BUY
1410,1409.5,1412.5,-0.16,-0.04,0.21,BUY
1409.5,1418.75,1425.5,-0.21,0.66,0.48,BUY
1415.5,1412.75,1402,-0.71,-0.19,-0.76,SELL
1404.25,1419.25,1421.25,0.16,1.07,0.14,BUY
1431.25,1440.75,1444,0.7,0.66,0.23,BUY
1451,1460.25,1452.25,0.48,0.64,-0.55,SELL
1449,1444,1436,-0.22,-0.35,-0.55,SELL
1435.75,1429.5,1427.5,-0.02,-0.44,-0.14,SELL
1435.5,1442.75,1437.25,0.56,0.51,-0.38,SELL
1448,1447.5,1444.5,0.74,-0.03,-0.21,SELL
1442.75,1449.25,1450.5,-0.12,0.45,0.09,BUY
1449.75,1454.75,1457,-0.05,0.34,0.16,BUY
1454.75,1453.5,1446.5,-0.15,-0.09,-0.48,SELL
1444.75,1456.5,1449.25,-0.12,0.81,-0.5,SELL
1448.5,1447.25,1448,-0.05,-0.09,0.05,BUY
1451.75,1446.75,1454.75,0.26,-0.34,0.55,BUY
1463,1457,1460.25,0.56,-0.41,0.22,BUY
1466,1464.75,1470.5,0.39,-0.09,0.39,BUY
1469.25,1470.25,1468.5,-0.09,0.07,-0.12,SELL
1474,1467.75,1474.5,0.37,-0.42,0.46,BUY
1474,1473.25,1478,-0.03,-0.05,0.32,BUY
1476.5,1470.25,1473.75,-0.1,-0.42,0.24,BUY
1483.5,1479.25,1477.5,0.66,-0.29,-0.12,SELL
1476,1484.25,1491.5,-0.1,0.56,0.49,BUY
1491,1483,1481.25,-0.03,-0.54,-0.12,SELL
1486,1489.25,1489.5,0.32,0.22,0.02,BUY
1488.25,1478,1469.5,-0.08,-0.69,-0.57,SELL
1477.75,1466.25,1466.5,0.56,-0.78,0.02,BUY
1470.25,1464.75,1469.25,0.26,-0.37,0.31,BUY
1479.25,1488.5,1492.5,0.68,0.63,0.27,BUY
1492.25,1488.25,1478.75,-0.02,-0.27,-0.64,SELL
1475.75,1485.25,1480.5,-0.2,0.64,-0.32,SELL
1475,1476.5,1477,-0.37,0.1,0.03,BUY
1475.5,1475.75,1477.75,-0.1,0.02,0.14,BUY
1475.5,1482,1478.5,-0.15,0.44,-0.24,SELL
1476.25,1480,1486.5,-0.15,0.25,0.44,BUY
1489.25,1494,1488.25,0.18,0.32,-0.39,SELL
1490.25,1490.25,1495.5,0.13,0,0.35,BUY
1494.5,1487,1488,-0.07,-0.5,0.07,BUY
1485,1486.25,1488,-0.2,0.08,0.12,BUY
1498.25,1502.25,1493.75,0.68,0.27,-0.57,SELL
1493.75,1496,1495.25,0,0.15,-0.05,SELL
1492.5,1495.75,1493,-0.18,0.22,-0.18,SELL
1490,1490.5,1478.75,-0.2,0.03,-0.79,SELL
1471.25,1472.75,1472.5,-0.51,0.1,-0.02,SELL
1472.75,1482,1492.25,0.02,0.63,0.7,BUY
1488.25,1483.5,1488.25,-0.27,-0.32,0.32,BUY
1478.5,1470.25,1485.25,-0.66,-0.56,1.01,BUY
1486.25,1484,1490.25,0.07,-0.15,0.42,BUY
1494.25,1496,1497.25,0.27,0.12,0.08,BUY
1503.25,1495.25,1506.75,0.4,-0.53,0.77,BUY
1500.75,1500.75,1516,-0.4,0,1.02,BUY
1518,1513.75,1496.75,0.13,-0.28,-1.12,SELL
1498.5,1498.75,1492.25,0.12,0.02,-0.43,SELL
1496.5,1493.75,1488.25,0.28,-0.18,-0.37,SELL
1480,1490,1496.5,-0.56,0.68,0.44,BUY
1488.5,1493,1502.75,-0.54,0.3,0.66,BUY
1501.5,1500,1505.75,-0.08,-0.1,0.38,BUY
1499.25,1505,1501.75,-0.43,0.38,-0.22,SELL
1506.75,1515.75,1506.75,0.33,0.6,-0.6,SELL
1508.5,1490.5,1488.75,0.12,-1.19,-0.12,SELL
1486.75,1496.75,1498.75,-0.13,0.67,0.13,BUY
1495.25,1501.75,1501.75,-0.23,0.43,0,SELL
1505,1504.75,1506.75,0.22,-0.02,0.13,BUY
1531,1532,1542.75,1.58,0.07,0.7,BUY
1550,1546,1549,0.47,-0.26,0.19,BUY
1548.5,1553,1553.75,-0.03,0.29,0.05,BUY
1555,1554.75,1553.5,0.08,-0.02,-0.08,SELL
1557,1563,1564.75,0.22,0.39,0.11,BUY
1569,1571,1573.5,0.27,0.13,0.16,BUY
1572.5,1566.5,1572.5,-0.06,-0.38,0.38,BUY
1576,1580.75,1580,0.22,0.3,-0.05,SELL
1576.75,1578.5,1583,-0.21,0.11,0.29,BUY
1583.75,1572.75,1580.75,0.05,-0.69,0.51,BUY
1584.25,1596,1595.75,0.22,0.74,-0.02,SELL
1591.75,1588.25,1591,-0.25,-0.22,0.17,BUY
1593.5,1593,1588.5,0.16,-0.03,-0.28,SELL
1592.5,1589.5,1591.75,0.25,-0.19,0.14,BUY
1596.25,1593.5,1595.5,0.28,-0.17,0.13,BUY
1595.25,1597,1598.5,-0.02,0.11,0.09,BUY
1590.25,1589.5,1575.75,-0.52,-0.05,-0.86,SELL
1572.5,1552,1560.75,-0.21,-1.3,0.56,BUY
1564.25,1572.75,1574.75,0.22,0.54,0.13,BUY
1578.75,1576.75,1576.25,0.25,-0.13,-0.03,SELL
1575.5,1582.25,1587.75,-0.05,0.43,0.35,BUY
1583,1577.5,1581,-0.3,-0.35,0.22,BUY
1581,1579,1576.75,0,-0.13,-0.14,SELL
1570.25,1583.5,1585,-0.41,0.84,0.1,BUY
1586.5,1589,1585,0.09,0.16,-0.25,SELL
1583.75,1591.25,1588.25,-0.08,0.47,-0.19,SELL
1594.75,1599.75,1593.5,0.41,0.31,-0.39,SELL
1593.25,1588.75,1585.25,-0.02,-0.28,-0.22,SELL
1578.75,1591,1587,-0.41,0.78,-0.25,SELL
1589,1595,1589.5,0.13,0.38,-0.35,SELL
1588.75,1598.25,1603,-0.05,0.6,0.3,BUY
1592.25,1583.25,1584.25,-0.68,-0.57,0.06,BUY
1590.5,1594.5,1595.5,0.39,0.25,0.06,BUY
1599.5,1600.25,1587.75,0.25,0.05,-0.78,SELL
1579,1570.5,1569.5,-0.55,-0.54,-0.06,SELL
1578.5,1583.75,1583,0.57,0.33,-0.05,SELL
1593.75,1594,1601,0.67,0.02,0.44,BUY
1603,1604.25,1598,0.12,0.08,-0.39,SELL
1591,1581.75,1586.75,-0.44,-0.58,0.31,BUY
1583.75,1589,1590.5,-0.19,0.33,0.09,BUY
1594.5,1597.75,1591,0.25,0.2,-0.42,SELL
1587.75,1586.25,1576,-0.2,-0.09,-0.65,SELL
1567.5,1566.75,1574.5,-0.54,-0.05,0.49,BUY
1587.75,1575.25,1557.5,0.83,-0.79,-1.12,SELL
1561.5,1562.5,1550.25,0.26,0.06,-0.78,SELL
1559,1562.5,1574.5,0.56,0.22,0.77,BUY
1565.5,1573.25,1568.75,-0.57,0.5,-0.29,SELL
1565.5,1571.5,1575.25,-0.21,0.38,0.24,BUY
1573.25,1563.5,1566.25,-0.13,-0.62,0.17,BUY
1568.25,1563,1562.75,0.13,-0.33,-0.02,SELL
1570.25,1571.25,1571.75,0.48,0.06,0.03,BUY
1573,1568.75,1569.25,0.08,-0.27,0.03,BUY
1572.75,1586,1598.5,0.22,0.84,0.79,BUY
1598,1594.5,1589.25,-0.03,-0.22,-0.33,SELL
1592,1591,1592.5,0.17,-0.06,0.09,BUY
1595.25,1579,1583.5,0.17,-1.02,0.28,BUY
1576,1569.5,1550,-0.48,-0.41,-1.24,SELL
1560,1543,1556.5,0.64,-1.09,0.87,BUY
1553,1549,1540.75,-0.23,-0.26,-0.53,SELL
1542,1536,1526.75,0.08,-0.39,-0.6,SELL
1528.5,1516.75,1514.5,0.11,-0.77,-0.15,SELL
1516.25,1517.5,1514.75,0.12,0.08,-0.18,SELL
1511.5,1520.5,1529.75,-0.22,0.6,0.61,BUY
1518.25,1522,1516.25,-0.76,0.25,-0.38,SELL
1513.75,1500,1505,-0.17,-0.91,0.33,BUY
1501.25,1502.75,1493.25,-0.25,0.1,-0.63,SELL
1498.5,1511.75,1512.25,0.35,0.88,0.03,BUY
1520.5,1508.25,1510.25,0.54,-0.81,0.13,BUY
1505.5,1511.5,1506.25,-0.32,0.4,-0.35,SELL
1509.5,1511.25,1519.5,0.22,0.12,0.55,BUY
1517.25,1518.75,1523,-0.15,0.1,0.28,BUY
1519.25,1525.5,1527.25,-0.25,0.41,0.12,BUY
1514.75,1512.5,1517.5,-0.83,-0.15,0.33,BUY
1516.75,1509.25,1504,-0.05,-0.49,-0.35,SELL
1493.75,1488.25,1487.5,-0.69,-0.37,-0.05,SELL
1498.75,1499.5,1504,0.75,0.05,0.3,BUY
1506,1493.75,1490,0.13,-0.81,-0.25,SELL
1496.5,1498.75,1500.75,0.43,0.15,0.13,BUY
1499,1494.5,1488,-0.12,-0.3,-0.43,SELL
1474.25,1475.25,1479.75,-0.93,0.07,0.31,BUY
1473.5,1471.75,1471.25,-0.42,-0.12,-0.03,SELL
1482,1480.75,1490.5,0.73,-0.08,0.66,BUY
1489,1490.75,1490.25,-0.1,0.12,-0.03,SELL
1491.75,1487.75,1486,0.1,-0.27,-0.12,SELL
1490,1497,1490,0.27,0.47,-0.47,SELL
1481.75,1485.5,1481.5,-0.56,0.25,-0.27,SELL
1473.75,1468.25,1469,-0.53,-0.37,0.05,BUY
1480.25,1475.25,1483,0.76,-0.34,0.52,BUY
1488.25,1493,1493.5,0.35,0.32,0.03,BUY
1503.25,1504.75,1507,0.65,0.1,0.15,BUY
1494.75,1497.75,1497.5,-0.82,0.2,-0.02,SELL
1499.75,1498.25,1494.5,0.15,-0.1,-0.25,SELL
1485.75,1485,1486,-0.59,-0.05,0.07,BUY
1496,1495,1499.5,0.67,-0.07,0.3,BUY
1497.75,1495.5,1498.5,-0.12,-0.15,0.2,BUY
1511.5,1519,1519,0.86,0.5,0,SELL
1525,1526.5,1529,0.39,0.1,0.16,BUY
1528.5,1527.5,1528.5,-0.03,-0.07,0.07,BUY
1529.25,1533.75,1536.5,0.05,0.29,0.18,BUY
1536.25,1538.25,1526.75,-0.02,0.13,-0.75,SELL
1534,1530.75,1530.5,0.47,-0.21,-0.02,SELL
1528,1532.75,1534,-0.16,0.31,0.08,BUY
1530.75,1535.75,1532.75,-0.21,0.33,-0.2,SELL
1537.25,1540.25,1544.75,0.29,0.2,0.29,BUY
1542.75,1544,1547.5,-0.13,0.08,0.23,BUY
1548.5,1554.25,1552.5,0.06,0.37,-0.11,SELL
1553.25,1556,1559.75,0.05,0.18,0.24,BUY
1563.75,1569.5,1573.5,0.26,0.37,0.26,BUY
1574.5,1571.5,1573.75,0.06,-0.19,0.14,BUY
1574.5,1580,1587.25,0.05,0.35,0.46,BUY
1589,1588.75,1590,0.11,-0.02,0.08,BUY
1593.25,1597.75,1601.25,0.2,0.28,0.22,BUY
1599.5,1598.25,1601.75,-0.11,-0.08,0.22,BUY
1597.75,1604,1602.75,-0.25,0.39,-0.08,SELL
1604.5,1596,1597,0.11,-0.53,0.06,BUY
1600.75,1599.75,1598,0.23,-0.06,-0.11,SELL
1597.5,1597,1597,-0.03,-0.03,0,SELL
1597.25,1592.25,1592.5,0.02,-0.31,0.02,BUY
1592.25,1598.75,1594.75,-0.02,0.41,-0.25,SELL
1593.5,1590.75,1594.5,-0.08,-0.17,0.24,BUY
1595,1589.5,1590,0.03,-0.34,0.03,BUY
1589.75,1589,1589,-0.02,-0.05,0,SELL
1589.5,1594,1594.75,0.03,0.28,0.05,BUY
1593.25,1593.25,1599.5,-0.09,0,0.39,BUY
1608.5,1614,1617.25,0.56,0.34,0.2,BUY
1616.75,1621.25,1614.25,-0.03,0.28,-0.43,SELL
1610.75,1604,1603.5,-0.22,-0.42,-0.03,SELL
1600.25,1607.75,1603.5,-0.2,0.47,-0.27,SELL
1596.75,1603.5,1611,-0.42,0.42,0.47,BUY
1614.25,1618.25,1619.25,0.2,0.25,0.06,BUY
1619.25,1615.5,1615.25,0,-0.23,-0.02,SELL
1621.25,1627.25,1627,0.37,0.37,-0.02,SELL
1632.25,1633.75,1625.75,0.32,0.09,-0.49,SELL
1626,1623.75,1626.75,0.02,-0.14,0.18,BUY
1635,1629.5,1633,0.5,-0.34,0.21,BUY
1636.5,1636,1626.5,0.21,-0.03,-0.58,SELL
1627,1617.25,1618.25,0.03,-0.6,0.06,BUY
1615,1613.75,1596.75,-0.2,-0.08,-1.05,SELL
1598.25,1594,1591.25,0.09,-0.27,-0.17,SELL
1591.75,1585.75,1587.25,0.03,-0.38,0.09,BUY
1586.75,1587.5,1584.5,-0.03,0.05,-0.19,SELL
1577.75,1574,1586,-0.43,-0.24,0.76,BUY
1589.25,1586.75,1593,0.2,-0.16,0.39,BUY
1588.75,1579,1573.5,-0.27,-0.61,-0.35,SELL
1570.25,1573.5,1582.25,-0.21,0.21,0.56,BUY
1580,1588,1597,-0.14,0.51,0.57,BUY
1592,1585.5,1576,-0.31,-0.41,-0.6,SELL
1572.25,1573.75,1571.75,-0.24,0.1,-0.13,SELL
1571,1575.5,1573,-0.05,0.29,-0.16,SELL
1570,1575.25,1568,-0.19,0.33,-0.46,SELL
1568.75,1574.75,1579.25,0.05,0.38,0.29,BUY
1584,1580,1571.5,0.3,-0.25,-0.54,SELL
1578.75,1581,1568,0.46,0.14,-0.82,SELL
1567,1552,1551,-0.06,-0.96,-0.06,SELL
1562.25,1572,1578,0.72,0.62,0.38,BUY
1573,1571.75,1573.25,-0.32,-0.08,0.1,BUY
1557.25,1551.25,1555.25,-1.03,-0.39,0.26,BUY
1557.5,1562.75,1558.75,0.14,0.34,-0.26,SELL
1569.75,1576.25,1569,0.7,0.41,-0.46,SELL
1571.25,1578,1577.75,0.14,0.43,-0.02,SELL
1579.5,1575.5,1580,0.11,-0.25,0.28,BUY
1574.5,1573.5,1577.25,-0.35,-0.06,0.24,BUY
1574.75,1571.5,1568.5,-0.16,-0.21,-0.19,SELL
1553.75,1548,1552.25,-0.95,-0.37,0.27,BUY
1561,1570,1574.75,0.56,0.58,0.3,BUY
1573.25,1575.25,1571.25,-0.1,0.13,-0.25,SELL
1570.5,1565.75,1559.75,-0.05,-0.3,-0.38,SELL
1558,1560.5,1574.75,-0.11,0.16,0.91,BUY
1570.25,1563.5,1564.25,-0.29,-0.43,0.05,BUY
1564.5,1556.75,1552,0.02,-0.5,-0.3,SELL
1550.75,1548.25,1546,-0.08,-0.16,-0.15,SELL
1546.25,1538.25,1533,0.02,-0.52,-0.34,SELL
1535.5,1534,1535.75,0.16,-0.1,0.11,BUY
1540.25,1541.25,1543.75,0.29,0.06,0.16,BUY
1551,1560,1561,0.47,0.58,0.06,BUY
1577.25,1573.25,1577,1.03,-0.25,0.24,BUY
1578.5,1590.75,1590.25,0.1,0.78,-0.03,SELL
1585.5,1581,1587.75,-0.3,-0.28,0.43,BUY
1590.25,1583,1591.75,0.16,-0.46,0.55,BUY
1591.5,1584.25,1584.25,-0.02,-0.46,0,SELL
1582.25,1584.5,1585.25,-0.13,0.14,0.05,BUY
1583,1585.25,1581.5,-0.14,0.14,-0.24,SELL
1577.25,1582.75,1579.75,-0.27,0.35,-0.19,SELL
1586.25,1585,1581.75,0.41,-0.08,-0.2,SELL
1583.25,1587.5,1588,0.09,0.27,0.03,BUY
1588.25,1590.5,1594,0.02,0.14,0.22,BUY
1603.75,1601.75,1602.5,0.61,-0.12,0.05,BUY
1602.75,1598.75,1589.5,0.02,-0.25,-0.58,SELL
1579.75,1572.75,1563,-0.62,-0.44,-0.62,SELL
1570,1571.25,1571,0.45,0.08,-0.02,SELL
1571,1576.25,1569,0,0.33,-0.46,SELL
1565.25,1567.25,1561.25,-0.24,0.13,-0.38,SELL
1566.75,1560.25,1550,0.35,-0.41,-0.65,SELL
1558.5,1567.5,1558.25,0.55,0.58,-0.59,SELL
1556,1543.25,1542.75,-0.14,-0.82,-0.03,SELL
1531.75,1516.5,1504,-0.72,-1,-0.82,SELL
1446.75,1477.5,1465.25,-3.96,2.13,-0.85,SELL
1478,1480.75,1511,0.86,0.19,2.05,BUY
1502,1490.75,1477,-0.6,-0.75,-0.92,SELL
1474.25,1476.5,1457,-0.19,0.15,-1.32,SELL
1480.25,1485.5,1481,1.57,0.35,-0.3,SELL
1479,1477.5,1470.75,-0.14,-0.1,-0.46,SELL
1485.5,1484.25,1489.5,0.99,-0.08,0.35,BUY
1494.25,1504.5,1500.75,0.32,0.69,-0.25,SELL
1510.75,1511.5,1516.5,0.66,0.05,0.33,BUY
1520.25,1515,1510.5,0.25,-0.35,-0.3,SELL
1513.75,1514.75,1527.75,0.21,0.07,0.86,BUY
1523.75,1521,1534.5,-0.26,-0.18,0.89,BUY
1522.5,1522.75,1534,-0.79,0.02,0.74,BUY
1537.5,1530.5,1537,0.23,-0.46,0.42,BUY
1546.25,1547.25,1548,0.6,0.06,0.05,BUY
1553.75,1548.25,1549,0.37,-0.35,0.05,BUY
1545.5,1546,1543.75,-0.23,0.03,-0.15,SELL
1538,1534.25,1521.75,-0.37,-0.24,-0.81,SELL
1511.25,1496.75,1491,-0.69,-0.96,-0.38,SELL
1485.5,1504,1508,-0.37,1.25,0.27,BUY
1520.75,1526.75,1519.5,0.84,0.39,-0.48,SELL
1513.25,1510.25,1525.5,-0.41,-0.2,1.01,BUY
1528.5,1535.75,1546.5,0.2,0.47,0.7,BUY
1543,1545,1549.25,-0.23,0.13,0.28,BUY
1561.5,1557.5,1552.75,0.78,-0.26,-0.3,SELL
1556.75,1561.5,1537.75,0.26,0.31,-1.53,SELL
1542.75,1554.75,1546.5,0.32,0.78,-0.53,SELL
1524,1507,1503,0.59,-1.12,-0.26,SELL
1508.5,1491,1495,0.36,-1.16,0.27,BUY
1515.5,1516,1525,1.35,0.03,0.59,BUY
1514.5,1511,1516,-0.69,-0.23,0.33,BUY
1519.5,1517.5,1514.5,0.23,-0.13,-0.2,SELL
1524.5,1520.5,1523,0.66,-0.26,0.16,BUY
1523,1512,1509,0,-0.72,-0.2,SELL
1505,1509.5,1515.5,-0.27,0.3,0.4,BUY
1519.5,1532,1524,0.26,0.82,-0.53,SELL
1528.5,1532.5,1525,0.29,0.26,-0.49,SELL
1531,1538.5,1542,0.39,0.49,0.23,BUY
1543.5,1544,1552,0.1,0.03,0.52,BUY
1553.5,1559,1554,0.1,0.35,-0.32,SELL
1569,1572.5,1571.5,0.96,0.22,-0.06,SELL
1574.5,1576.5,1584.5,0.19,0.13,0.51,BUY
1591,1587.5,1566.5,0.41,-0.22,-1.32,SELL
1560,1546.5,1558.5,-0.42,-0.87,0.77,BUY
1561.5,1573.5,1573,0.19,0.77,-0.03,SELL
1577,1581.5,1577.5,0.25,0.29,-0.25,SELL
1578,1575.5,1572,0.03,-0.16,-0.22,SELL
1589,1587,1589,1.07,-0.13,0.13,BUY
1589,1582,1569,0,-0.44,-0.82,SELL
1574,1574,1575.5,0.32,0,0.1,BUY
1579,1581,1598,0.22,0.13,1.08,BUY
1595.5,1595.5,1604,-0.16,0,0.53,BUY
1603.5,1618,1616,-0.03,0.9,-0.12,SELL
1618.5,1617.5,1620.5,0.15,-0.06,0.19,BUY
1619,1604,1602.5,-0.09,-0.93,-0.09,SELL
1602,1601.5,1597,-0.03,-0.03,-0.28,SELL
1595,1606.5,1605.5,-0.13,0.72,-0.06,SELL
1605.5,1598.5,1605,0,-0.44,0.4,BUY
1604.5,1606.5,1619.5,-0.03,0.12,0.81,BUY
1617.5,1625,1622.5,-0.12,0.46,-0.15,SELL
1628,1633,1629.5,0.34,0.31,-0.21,SELL
1631,1618,1623.5,0.09,-0.8,0.34,BUY
1617,1602,1605,-0.4,-0.93,0.19,BUY
1603.5,1613,1595,-0.09,0.59,-1.12,SELL
1601.5,1594.5,1586.5,0.41,-0.44,-0.5,SELL
1593.5,1588.5,1579,0.44,-0.31,-0.6,SELL
1575,1569,1570.5,-0.25,-0.38,0.1,BUY
1574,1566,1574,0.22,-0.51,0.51,BUY
1572.5,1558.5,1544,-0.1,-0.89,-0.92,SELL
1553,1564,1567,0.58,0.71,0.19,BUY
1559,1566.5,1563.5,-0.51,0.48,-0.19,SELL
1563,1568,1560,-0.03,0.32,-0.51,SELL
1565,1567,1567.5,0.32,0.13,0.03,BUY
1567.5,1560,1553.5,0,-0.48,-0.41,SELL
1547.5,1553.5,1556,-0.39,0.39,0.16,BUY
1562,1559,1570.5,0.38,-0.19,0.74,BUY
1579.5,1568,1577,0.57,-0.73,0.57,BUY
1576.5,1567.5,1571.5,-0.03,-0.57,0.25,BUY
1564.5,1564.5,1589,-0.45,0,1.57,BUY
1583.5,1579.5,1569.5,-0.35,-0.25,-0.63,SELL
1565,1556.5,1563,-0.29,-0.54,0.42,BUY
1546.5,1553.5,1564,-1.07,0.45,0.68,BUY
1567,1582,1572.5,0.19,0.96,-0.61,SELL
1573.5,1560,1552,0.06,-0.86,-0.51,SELL
1550,1547.5,1532,-0.13,-0.16,-1,SELL
1539,1534,1529.5,0.45,-0.32,-0.29,SELL
1528,1527,1541,-0.1,-0.07,0.92,BUY
1532,1536.5,1536,-0.59,0.29,-0.03,SELL
1548.5,1549.5,1557.5,0.81,0.06,0.52,BUY
1546.5,1537.5,1542.5,-0.71,-0.58,0.32,BUY
1549.5,1544.5,1539.5,0.45,-0.32,-0.32,SELL
1537,1527.5,1524,-0.16,-0.62,-0.23,SELL
1522.5,1531,1527,-0.1,0.56,-0.26,SELL
1527.5,1523.5,1527,0.03,-0.26,0.23,BUY
1529.5,1535.5,1539.5,0.16,0.39,0.26,BUY
1542.5,1551,1550,0.19,0.55,-0.06,SELL
1538.5,1529,1525.5,-0.75,-0.62,-0.23,SELL
1533,1536.5,1543.5,0.49,0.23,0.46,BUY
1546.5,1547.5,1550.5,0.19,0.06,0.19,BUY
1550.5,1550,1551,0,-0.03,0.06,BUY
1555.5,1561.5,1558,0.29,0.39,-0.23,SELL
1568.5,1569,1570.5,0.67,0.03,0.1,BUY
1575.5,1586.5,1582,0.32,0.7,-0.29,SELL
1579.5,1587,1576.5,-0.16,0.47,-0.66,SELL
1574,1580,1582.5,-0.16,0.38,0.16,BUY
1588,1600,1600.5,0.35,0.76,0.03,BUY
1601,1602.5,1594,0.03,0.09,-0.53,SELL
1605,1603.5,1609,0.69,-0.09,0.34,BUY
1608.5,1610.5,1610,-0.03,0.12,-0.03,SELL
1608.5,1612,1610.5,-0.09,0.22,-0.09,SELL
1610.5,1613,1616.5,0,0.16,0.22,BUY
1616,1613,1612,-0.03,-0.19,-0.06,SELL
1608,1595.5,1601,-0.25,-0.78,0.34,BUY
1602,1611.5,1611.5,0.06,0.59,0,SELL
1614.5,1614,1610,0.19,-0.03,-0.25,SELL
1615.5,1617.5,1616.5,0.34,0.12,-0.06,SELL
1615.5,1619.5,1623,-0.06,0.25,0.22,BUY
1622,1624,1631,-0.06,0.12,0.43,BUY
1623.5,1616.5,1615,-0.46,-0.43,-0.09,SELL
1610.5,1609,1611.5,-0.28,-0.09,0.16,BUY
1619,1610,1613.5,0.46,-0.56,0.22,BUY
1612.5,1613.5,1597,-0.06,0.06,-1.02,SELL
1604.5,1608.5,1607,0.47,0.25,-0.09,SELL
1610,1616,1621,0.19,0.37,0.31,BUY
1625,1629,1631.5,0.25,0.25,0.15,BUY
1631.5,1639,1639.5,0,0.46,0.03,BUY
1634,1641.5,1643.5,-0.34,0.46,0.12,BUY
1642.5,1648,1641.5,-0.06,0.33,-0.4,SELL
1644,1646,1647.5,0.15,0.12,0.09,BUY
1653,1656.5,1665.5,0.33,0.21,0.54,BUY
1665.5,1669,1669,0,0.21,0,SELL
1670,1671.5,1679,0.06,0.09,0.45,BUY
1676.5,1673.5,1673.5,-0.15,-0.18,0,SELL
1670.5,1663.5,1659,-0.18,-0.42,-0.27,SELL
1659,1662,1659.5,0,0.18,-0.15,SELL
1665.5,1650.5,1645.5,0.36,-0.9,-0.3,SELL
1642.5,1640,1633.5,-0.18,-0.15,-0.4,SELL
1631,1641.5,1631,-0.15,0.64,-0.64,SELL
1636,1626,1620,0.31,-0.61,-0.37,SELL
1618.5,1624.5,1623,-0.09,0.37,-0.09,SELL
1625.5,1613.5,1624,0.15,-0.74,0.65,BUY
1623,1626,1618,-0.06,0.18,-0.49,SELL
1618.5,1621.5,1626,0.03,0.19,0.28,BUY
1630,1625.5,1633.5,0.25,-0.28,0.49,BUY
1632,1640.5,1639,-0.09,0.52,-0.09,SELL
1638.5,1627.5,1625.5,-0.03,-0.67,-0.12,SELL
1627,1634.5,1632,0.09,0.46,-0.15,SELL
1631.5,1645,1647,-0.03,0.83,0.12,BUY
1652.5,1661.5,1662.5,0.33,0.54,0.06,BUY
1658,1654.5,1654,-0.27,-0.21,-0.03,SELL
1656.5,1655.5,1657.5,0.15,-0.06,0.12,BUY
1660,1651.5,1657.5,0.15,-0.51,0.36,BUY
1651.5,1663.5,1676.5,-0.36,0.73,0.79,BUY
1671,1663.5,1658,-0.33,-0.45,-0.33,SELL
1662.5,1665,1670,0.27,0.15,0.3,BUY
1660.5,1653.5,1655,-0.57,-0.42,0.09,BUY
1661,1672,1666,0.36,0.66,-0.36,SELL
1661,1644.5,1648.5,-0.3,-0.99,0.24,BUY
1650.5,1642.5,1631,0.12,-0.48,-0.7,SELL
1630.5,1625.5,1619,-0.03,-0.31,-0.4,SELL
1622.5,1613,1628,0.22,-0.59,0.92,BUY
1626,1610.5,1596,-0.12,-0.95,-0.89,SELL
1573.5,1560,1553,-1.43,-0.86,-0.44,SELL
1563.5,1550,1533,0.67,-0.86,-1.09,SELL
1532,1534.5,1535,-0.07,0.16,0.03,BUY
1531.5,1535,1552,-0.23,0.23,1.11,BUY
1554,1549.5,1550,0.13,-0.29,0.03,BUY
1551,1555,1539.5,0.06,0.26,-1,SELL
1547.5,1525.5,1536,0.52,-1.42,0.68,BUY
1542.5,1535.5,1527.5,0.42,-0.45,-0.52,SELL
1507.5,1506,1507,-1.33,-0.1,0.07,BUY
1514,1509,1504,0.46,-0.33,-0.33,SELL
1493,1508.5,1504.5,-0.74,1.04,-0.27,SELL
1497.5,1479,1490,-0.47,-1.24,0.73,BUY
1492.5,1514.5,1502.5,0.17,1.47,-0.8,SELL
1507.5,1503,1511,0.33,-0.3,0.53,BUY
1528,1536.5,1534,1.11,0.56,-0.16,SELL
1534.5,1541.5,1530,0.03,0.46,-0.75,SELL
1550,1549.5,1531.5,1.29,-0.03,-1.16,SELL
1540.5,1541,1540.5,0.58,0.03,-0.03,SELL
1545.5,1530,1535.5,0.32,-1,0.36,BUY
1538.5,1543,1541,0.19,0.29,-0.13,SELL
1548.5,1540.5,1539,0.48,-0.52,-0.1,SELL
1533.5,1530.5,1527,-0.36,-0.2,-0.23,SELL
1533.5,1528.5,1517,0.42,-0.33,-0.75,SELL
1521.5,1516,1519.5,0.3,-0.36,0.23,BUY
1511.5,1509,1503,-0.53,-0.17,-0.4,SELL
1508,1499.5,1493.5,0.33,-0.56,-0.4,SELL
1497,1500.5,1496.5,0.23,0.23,-0.27,SELL
1501.5,1498,1482,0.33,-0.23,-1.07,SELL
1474.5,1462,1460.5,-0.51,-0.85,-0.1,SELL
1462.5,1464,1476,0.14,0.1,0.82,BUY
1474,1467,1468,-0.14,-0.47,0.07,BUY
1468,1473,1476.5,0,0.34,0.24,BUY
1486,1490,1498,0.64,0.27,0.54,BUY
1501.5,1502,1496.5,0.23,0.03,-0.37,SELL
1502.5,1500,1500.5,0.4,-0.17,0.03,BUY
1509.5,1507.5,1513.5,0.6,-0.13,0.4,BUY
1515,1512,1516.5,0.1,-0.2,0.3,BUY
1541.5,1538.5,1529,1.62,-0.19,-0.62,SELL
1523,1519.5,1508,-0.39,-0.23,-0.76,SELL
1494.5,1492,1480.5,-0.9,-0.17,-0.77,SELL
1464.5,1446.5,1445.5,-1.09,-1.23,-0.07,SELL
1448,1458,1449,0.17,0.69,-0.62,SELL
1441.5,1448,1439.5,-0.52,0.45,-0.59,SELL
1451.5,1461.5,1462,0.83,0.69,0.03,BUY
1470.5,1481.5,1492,0.58,0.75,0.71,BUY
1495,1486,1478.5,0.2,-0.6,-0.5,SELL
1465.5,1469.5,1469.5,-0.89,0.27,0,SELL
1471,1464,1453,0.1,-0.48,-0.75,SELL
1444.5,1451,1449.5,-0.59,0.45,-0.1,SELL
1448.5,1453.5,1449.5,-0.07,0.35,-0.28,SELL
1431.5,1427,1417.5,-1.26,-0.31,-0.66,SELL
1417,1402.5,1411,-0.04,-1.02,0.6,BUY
