timme,kurs
10.0,1048.0
11.0,1050.75
12.0,1026.25
13.0,1023.75
14.0,1023.25
15.0,1022.75
16.0,1034.5
17.0,1040.0
10.0,1053.5
11.0,1061.25
12.0,1059.75
13.0,1059.75
14.0,1060.5
15.0,1062.25
16.0,1070.0
17.0,1077.0
10.0,1071.75
11.0,1070.25
12.0,1073.5
13.0,1069.0
14.0,1065.5
15.0,1071.75
16.0,1074.75
17.0,1077.5
10.0,1087.0
11.0,1085.75
12.0,1088.75
13.0,1093.5
14.0,1091.5
15.0,1097.25
16.0,1097.75
17.0,1103.75
10.0,1111.75
11.0,1107.0
12.0,1110.0
13.0,1114.75
14.0,1116.25
15.0,1116.75
16.0,1118.0
17.0,1115.5
10.0,1117.25
11.0,1121.75
12.0,1124.0
13.0,1118.25
14.0,1125.75
15.0,1126.75
16.0,1126.5
17.0,1133.5
10.0,1133.75
11.0,1132.75
12.0,1132.75
13.0,1132.5
14.0,1132.5
15.0,1132.0
16.0,1128.75
17.0,1129.25
10.0,1134.25
11.0,1130.75
12.0,1130.0
13.0,1132.5
14.0,1124.0
15.0,1121.75
16.0,1127.0
17.0,1128.0
10.0,1140.5
11.0,1144.0
12.0,1146.25
13.0,1150.75
14.0,1146.5
15.0,1149.75
16.0,1151.75
17.0,1150.0
10.0,1155.5
11.0,1160.75
12.0,1158.25
13.0,1159.75
14.0,1159.5
15.0,1164.0
16.0,1161.5
17.0,1161.5
10.0,1164.5
11.0,1156.25
12.0,1154.0
13.0,1156.75
14.0,1158.25
15.0,1160.25
16.0,1165.75
17.0,1168.75
10.0,1184.0
11.0,1180.25
12.0,1177.5
13.0,1179.5
14.0,1178.75
15.0,1174.0
16.0,1175.5
17.0,1172.0
10.0,1177.75
11.0,1178.25
12.0,1174.0
13.0,1176.25
14.0,1174.25
15.0,1174.0
16.0,1175.5
17.0,1170.25
10.0,1182.0
11.0,1181.25
12.0,1180.25
13.0,1181.0
14.0,1183.75
15.0,1183.75
16.0,1182.5
17.0,1184.25
10.0,1179.75
11.0,1180.0
12.0,1181.0
13.0,1183.5
14.0,1181.0
15.0,1191.0
16.0,1191.5
17.0,1187.75
10.0,1191.0
11.0,1192.75
12.0,1187.75
13.0,1188.25
14.0,1188.5
15.0,1189.25
16.0,1179.0
17.0,1181.5
10.0,1184.75
11.0,1187.25
12.0,1186.5
13.0,1187.0
14.0,1187.0
15.0,1187.75
16.0,1186.5
17.0,1188.25
10.0,1192.25
11.0,1194.5
12.0,1193.75
13.0,1194.0
14.0,1194.25
15.0,1195.0
16.0,1192.0
17.0,1195.75
10.0,1191.75
11.0,1187.75
12.0,1188.75
13.0,1186.5
14.0,1186.0
15.0,1184.0
16.0,1182.75
17.0,1182.0
10.0,1190.25
11.0,1193.5
12.0,1193.5
13.0,1192.25
14.0,1188.5
15.0,1185.75
16.0,1192.75
17.0,1193.25
10.0,1187.5
11.0,1188.75
12.0,1185.75
13.0,1183.75
14.0,1186.5
15.0,1184.75
16.0,1189.75
17.0,1187.0
10.0,1182.75
11.0,1183.25
12.0,1183.25
13.0,1184.25
14.0,1187.75
15.0,1187.75
16.0,1186.25
17.0,1190.75
10.0,1193.25
11.0,1196.25
12.0,1196.75
13.0,1197.0
14.0,1197.5
15.0,1198.0
16.0,1201.25
17.0,1199.75
10.0,1198.0
11.0,1202.0
12.0,1201.25
13.0,1202.0
14.0,1202.25
15.0,1202.0
16.0,1199.75
17.0,1199.75
10.0,1194.25
11.0,1196.5
12.0,1194.75
13.0,1193.25
14.0,1193.5
15.0,1192.25
16.0,1192.75
17.0,1194.25
10.0,1202.0
11.0,1207.5
12.0,1209.0
13.0,1211.5
14.0,1213.0
15.0,1216.5
16.0,1216.5
17.0,1215.25
10.0,1220.5
11.0,1223.5
12.0,1222.5
13.0,1222.75
14.0,1222.5
15.0,1224.5
16.0,1222.75
17.0,1225.5
10.0,1237.25
11.0,1237.25
12.0,1236.25
13.0,1235.25
14.0,1236.25
15.0,1237.75
16.0,1238.75
17.0,1235.25
10.0,1243.5
11.0,1238.0
12.0,1233.75
13.0,1233.5
14.0,1230.0
15.0,1231.75
16.0,1229.25
17.0,1227.25
10.0,1232.75
11.0,1235.5
12.0,1235.75
13.0,1236.25
14.0,1238.5
15.0,1237.75
16.0,1237.0
17.0,1236.75
10.0,1227.75
11.0,1232.25
12.0,1227.0
13.0,1229.25
14.0,1229.75
15.0,1226.25
16.0,1229.25
17.0,1228.0
10.0,1222.25
11.0,1226.5
12.0,1225.25
13.0,1224.0
14.0,1223.75
15.0,1225.0
16.0,1225.25
17.0,1221.25
10.0,1232.25
11.0,1227.75
12.0,1223.75
13.0,1225.0
14.0,1229.0
15.0,1226.0
16.0,1224.5
17.0,1223.5
10.0,1228.0
11.0,1229.25
12.0,1229.0
13.0,1231.25
14.0,1232.25
15.0,1230.5
16.0,1233.75
17.0,1236.25
10.0,1232.5
11.0,1235.5
12.0,1239.0
13.0,1239.25
14.0,1238.25
15.0,1226.75
16.0,1227.75
17.0,1223.75
10.0,1233.75
11.0,1236.0
12.0,1238.25
13.0,1238.0
14.0,1240.5
15.0,1242.5
16.0,1242.5
17.0,1244.25
10.0,1242.0
11.0,1239.75
12.0,1240.75
13.0,1238.25
14.0,1239.5
15.0,1239.25
16.0,1241.75
17.0,1239.75
10.0,1229.0
11.0,1234.25
12.0,1235.5
13.0,1232.25
14.0,1230.0
15.0,1228.25
16.0,1226.0
17.0,1222.5
10.0,1230.75
11.0,1233.5
12.0,1232.25
13.0,1232.5
14.0,1232.0
15.0,1231.0
16.0,1225.25
17.0,1226.5
10.0,1229.25
11.0,1229.25
12.0,1221.75
13.0,1218.75
14.0,1219.5
15.0,1222.75
16.0,1224.0
17.0,1227.0
10.0,1211.5
11.0,1212.0
12.0,1211.75
13.0,1211.5
14.0,1212.0
15.0,1211.5
16.0,1216.75
17.0,1206.75
10.0,1202.75
11.0,1209.75
12.0,1204.5
13.0,1201.25
14.0,1199.5
15.0,1193.25
16.0,1205.5
17.0,1186.75
10.0,1170.5
11.0,1174.5
12.0,1178.25
13.0,1166.25
14.0,1161.75
15.0,1165.25
16.0,1166.5
17.0,1176.25
10.0,1173.25
11.0,1175.5
12.0,1176.75
13.0,1174.5
14.0,1174.25
15.0,1171.5
16.0,1175.0
17.0,1175.0
10.0,1194.0
11.0,1194.75
12.0,1197.25
13.0,1199.0
14.0,1200.75
15.0,1203.5
16.0,1205.0
17.0,1209.75
10.0,1222.0
11.0,1221.0
12.0,1213.25
13.0,1211.0
14.0,1211.5
15.0,1208.5
16.0,1211.25
17.0,1223.25
10.0,1229.75
11.0,1233.0
12.0,1233.5
13.0,1233.5
14.0,1234.5
15.0,1234.5
16.0,1229.5
17.0,1231.75
10.0,1237.0
11.0,1235.0
12.0,1233.75
13.0,1236.75
14.0,1237.5
15.0,1240.25
16.0,1242.5
17.0,1239.75
10.0,1248.5
11.0,1246.25
12.0,1246.75
13.0,1247.75
14.0,1247.0
15.0,1246.75
16.0,1244.75
17.0,1247.5
10.0,1241.25
11.0,1242.5
12.0,1242.25
13.0,1242.25
14.0,1241.5
15.0,1241.25
16.0,1240.0
17.0,1238.75
10.0,1238.0
11.0,1240.25
12.0,1240.25
13.0,1238.5
14.0,1237.5
15.0,1239.5
16.0,1242.25
17.0,1236.0
10.0,1209.0
11.0,1203.75
12.0,1211.0
13.0,1208.0
14.0,1206.75
15.0,1204.25
16.0,1204.0
17.0,1201.5
10.0,1203.75
11.0,1200.25
12.0,1207.25
13.0,1207.75
14.0,1208.75
15.0,1210.75
16.0,1222.75
17.0,1226.75
10.0,1227.75
11.0,1227.25
12.0,1224.5
13.0,1225.0
14.0,1224.0
15.0,1228.75
16.0,1216.75
17.0,1216.25
10.0,1226.5
11.0,1227.75
12.0,1229.5
13.0,1230.25
14.0,1228.0
15.0,1226.25
16.0,1217.75
17.0,1224.25
10.0,1225.0
11.0,1226.75
12.0,1228.5
13.0,1231.0
14.0,1230.75
15.0,1229.5
16.0,1239.25
17.0,1237.5
10.0,1222.0
11.0,1228.25
12.0,1225.75
13.0,1222.0
14.0,1215.5
15.0,1211.25
16.0,1210.5
17.0,1212.75
10.0,1218.5
11.0,1206.5
12.0,1203.25
13.0,1198.5
14.0,1210.0
15.0,1217.5
16.0,1218.0
17.0,1227.0
10.0,1224.25
11.0,1220.5
12.0,1223.25
13.0,1224.25
14.0,1224.25
15.0,1227.25
16.0,1233.25
17.0,1236.5
10.0,1242.0
11.0,1238.25
12.0,1239.25
13.0,1239.75
14.0,1240.5
15.0,1243.25
16.0,1249.75
17.0,1246.25
10.0,1256.5
11.0,1259.75
12.0,1263.0
13.0,1264.25
14.0,1265.0
15.0,1266.75
16.0,1262.25
17.0,1261.25
10.0,1277.75
11.0,1280.5
12.0,1283.0
13.0,1284.25
14.0,1281.75
15.0,1282.0
16.0,1282.5
17.0,1297.0
10.0,1306.5
11.0,1304.75
12.0,1305.25
13.0,1307.0
14.0,1308.75
15.0,1307.75
16.0,1305.75
17.0,1305.5
10.0,1304.75
11.0,1314.0
12.0,1313.5
13.0,1313.5
14.0,1316.25
15.0,1316.25
16.0,1317.5
17.0,1323.0
10.0,1320.75
11.0,1318.5
12.0,1317.25
13.0,1314.75
14.0,1309.75
15.0,1306.25
16.0,1304.0
17.0,1301.25
10.0,1316.75
11.0,1317.25
12.0,1313.25
13.0,1317.0
14.0,1328.0
15.0,1326.75
16.0,1331.5
17.0,1325.0
10.0,1322.0
11.0,1325.75
12.0,1328.25
13.0,1336.25
14.0,1334.25
15.0,1335.75
16.0,1338.5
17.0,1338.75
10.0,1350.5
11.0,1349.0
12.0,1346.25
13.0,1351.0
14.0,1349.5
15.0,1348.0
16.0,1352.25
17.0,1349.5
10.0,1345.75
11.0,1343.75
12.0,1339.75
13.0,1343.5
14.0,1345.25
15.0,1346.5
16.0,1345.5
17.0,1343.0
10.0,1364.25
11.0,1360.0
12.0,1360.0
13.0,1360.0
14.0,1358.5
15.0,1355.75
16.0,1362.0
17.0,1360.5
10.0,1356.5
11.0,1349.5
12.0,1349.5
13.0,1351.0
14.0,1346.0
15.0,1347.0
16.0,1352.25
17.0,1349.25
10.0,1349.25
11.0,1352.0
12.0,1352.25
13.0,1351.25
14.0,1352.75
15.0,1356.75
16.0,1352.75
17.0,1355.75
10.0,1356.0
11.0,1355.75
12.0,1356.0
13.0,1360.5
14.0,1361.5
15.0,1366.25
16.0,1367.5
17.0,1369.75
10.0,1355.5
11.0,1357.75
12.0,1361.0
13.0,1358.0
14.0,1357.25
15.0,1356.25
16.0,1359.5
17.0,1357.25
10.0,1357.5
11.0,1362.5
12.0,1361.5
13.0,1363.25
14.0,1365.5
15.0,1370.75
16.0,1373.25
17.0,1368.75
10.0,1372.0
11.0,1367.5
12.0,1363.75
13.0,1362.75
14.0,1362.75
15.0,1362.75
16.0,1366.25
17.0,1363.0
10.0,1385.25
11.0,1390.5
12.0,1391.25
13.0,1393.25
14.0,1400.75
15.0,1399.0
16.0,1397.75
17.0,1397.75
10.0,1404.0
11.0,1409.0
12.0,1407.5
13.0,1407.5
14.0,1406.75
15.0,1411.0
16.0,1414.25
17.0,1410.5
10.0,1409.5
11.0,1408.0
12.0,1408.25
13.0,1410.5
14.0,1412.25
15.0,1412.0
16.0,1413.75
17.0,1412.5
10.0,1398.25
11.0,1403.0
12.0,1405.0
13.0,1403.5
14.0,1403.25
15.0,1401.25
16.0,1397.25
17.0,1399.25
10.0,1415.25
11.0,1419.0
12.0,1417.75
13.0,1419.0
14.0,1417.75
15.0,1417.0
16.0,1419.0
17.0,1421.25
10.0,1417.25
11.0,1422.5
12.0,1429.5
13.0,1430.5
14.0,1423.0
15.0,1425.5
16.0,1430.5
17.0,1431.75
10.0,1434.5
11.0,1433.25
12.0,1433.75
13.0,1434.25
14.0,1428.0
15.0,1426.25
16.0,1425.0
17.0,1430.25
10.0,1447.25
11.0,1439.5
12.0,1441.25
13.0,1442.25
14.0,1442.75
15.0,1443.75
16.0,1445.75
17.0,1446.75
10.0,1441.75
11.0,1442.0
12.0,1448.0
13.0,1449.75
14.0,1449.5
15.0,1451.5
16.0,1450.75
17.0,1454.25
10.0,1450.5
11.0,1451.5
12.0,1452.25
13.0,1451.0
14.0,1450.25
15.0,1448.25
16.0,1450.25
17.0,1449.5
10.0,1451.0
11.0,1452.75
12.0,1454.75
13.0,1457.0
14.0,1454.5
15.0,1455.5
16.0,1456.75
17.0,1454.75
10.0,1454.25
11.0,1454.5
12.0,1455.0
13.0,1456.25
14.0,1456.5
15.0,1455.0
16.0,1458.75
17.0,1466.5
10.0,1471.75
11.0,1471.5
12.0,1469.25
13.0,1460.25
14.0,1456.5
15.0,1455.25
16.0,1454.5
17.0,1453.5
10.0,1460.0
11.0,1455.75
12.0,1456.75
13.0,1454.25
14.0,1454.75
15.0,1451.5
16.0,1441.25
17.0,1439.25
10.0,1424.0
11.0,1426.0
12.0,1418.5
13.0,1422.0
14.0,1423.5
15.0,1423.75
16.0,1423.75
17.0,1438.0
10.0,1446.25
11.0,1443.0
12.0,1446.5
13.0,1446.25
14.0,1447.0
15.0,1447.5
16.0,1447.0
17.0,1448.0
10.0,1443.25
11.0,1446.0
12.0,1444.25
13.0,1442.5
14.0,1444.25
15.0,1445.0
16.0,1436.0
17.0,1440.5
10.0,1417.0
11.0,1418.75
12.0,1425.0
13.0,1427.25
14.0,1436.75
15.0,1436.75
16.0,1422.0
17.0,1431.5
10.0,1432.0
11.0,1429.25
12.0,1426.0
13.0,1418.5
14.0,1419.0
15.0,1417.25
16.0,1417.5
17.0,1415.75
10.0,1423.5
11.0,1425.75
12.0,1427.25
13.0,1425.0
14.0,1426.75
15.0,1423.25
16.0,1420.75
17.0,1433.5
10.0,1434.0
11.0,1431.0
12.0,1430.25
13.0,1430.5
14.0,1431.5
15.0,1435.5
16.0,1435.5
17.0,1435.0
10.0,1440.5
11.0,1441.25
12.0,1440.0
13.0,1436.0
14.0,1435.5
15.0,1438.0
16.0,1435.0
17.0,1440.5
10.0,1451.25
11.0,1452.5
12.0,1450.75
13.0,1449.75
14.0,1452.25
15.0,1456.5
16.0,1457.75
17.0,1462.75
10.0,1454.5
11.0,1451.25
12.0,1445.25
13.0,1442.25
14.0,1443.5
15.0,1444.5
16.0,1445.75
17.0,1448.25
10.0,1458.5
11.0,1457.75
12.0,1447.75
13.0,1454.5
14.0,1464.25
15.0,1475.25
16.0,1482.5
17.0,1477.5
10.0,1488.25
11.0,1487.75
12.0,1486.5
13.0,1484.25
14.0,1482.75
15.0,1480.0
16.0,1477.0
17.0,1477.5
10.0,1481.5
11.0,1484.25
12.0,1484.75
13.0,1485.25
14.0,1487.25
15.0,1486.5
16.0,1490.75
17.0,1490.75
10.0,1482.75
11.0,1480.25
12.0,1479.5
13.0,1481.25
14.0,1478.5
15.0,1478.0
16.0,1480.25
17.0,1478.5
10.0,1482.0
11.0,1483.5
12.0,1483.25
13.0,1482.25
14.0,1478.75
15.0,1474.0
16.0,1479.5
17.0,1483.25
10.0,1483.25
11.0,1484.25
12.0,1486.25
13.0,1483.75
14.0,1481.5
15.0,1482.5
16.0,1481.75
17.0,1473.25
10.0,1460.0
11.0,1450.5
12.0,1451.0
13.0,1450.75
14.0,1456.25
15.0,1455.75
16.0,1460.75
17.0,1463.75
10.0,1474.5
11.0,1470.75
12.0,1473.0
13.0,1474.5
14.0,1469.0
15.0,1470.25
16.0,1468.75
17.0,1465.75
10.0,1481.0
11.0,1478.75
12.0,1476.0
13.0,1476.5
14.0,1477.5
15.0,1478.0
16.0,1479.5
17.0,1481.5
10.0,1484.5
11.0,1483.5
12.0,1478.5
13.0,1473.0
14.0,1470.5
15.0,1466.75
16.0,1469.75
17.0,1464.25
10.0,1461.5
11.0,1465.25
12.0,1472.0
13.0,1471.0
14.0,1465.0
15.0,1465.75
16.0,1462.5
17.0,1463.5
10.0,1489.25
11.0,1487.5
12.0,1489.25
13.0,1491.25
14.0,1493.0
15.0,1495.0
16.0,1495.25
17.0,1495.75
10.0,1493.0
11.0,1494.75
12.0,1494.5
13.0,1495.25
14.0,1497.25
15.0,1493.0
16.0,1490.75
17.0,1485.0
10.0,1493.0
11.0,1492.5
12.0,1492.25
13.0,1490.0
14.0,1491.75
15.0,1491.25
16.0,1492.25
17.0,1493.5
10.0,1498.75
11.0,1496.25
12.0,1497.0
13.0,1497.25
14.0,1498.75
15.0,1500.0
16.0,1497.0
17.0,1499.5
10.0,1503.0
11.0,1501.25
12.0,1498.5
13.0,1498.5
14.0,1495.5
15.0,1493.75
16.0,1500.5
17.0,1501.25
10.0,1505.0
11.0,1502.0
12.0,1500.5
13.0,1503.0
14.0,1504.75
15.0,1504.75
16.0,1500.75
17.0,1500.25
10.0,1513.25
11.0,1512.0
12.0,1510.75
13.0,1509.0
14.0,1507.0
15.0,1504.25
16.0,1504.5
17.0,1501.5
10.0,1494.75
11.0,1491.0
12.0,1484.75
13.0,1471.5
14.0,1474.25
15.0,1470.0
16.0,1470.75
17.0,1467.75
10.0,1473.0
11.0,1479.25
12.0,1481.75
13.0,1485.5
14.0,1484.0
15.0,1482.0
16.0,1482.25
17.0,1483.25
10.0,1500.25
11.0,1499.25
12.0,1490.5
13.0,1490.25
14.0,1495.25
15.0,1496.5
16.0,1499.25
17.0,1500.75
10.0,1509.25
11.0,1500.0
12.0,1499.25
13.0,1497.0
14.0,1505.5
15.0,1505.75
16.0,1507.0
17.0,1512.75
10.0,1503.25
11.0,1505.25
12.0,1502.5
13.0,1497.5
14.0,1496.25
15.0,1492.0
16.0,1499.5
17.0,1496.0
10.0,1500.25
11.0,1506.75
12.0,1503.0
13.0,1503.0
14.0,1500.75
15.0,1504.0
16.0,1503.25
17.0,1507.0
10.0,1508.75
11.0,1510.25
12.0,1510.25
13.0,1518.25
14.0,1520.75
15.0,1521.5
16.0,1523.75
17.0,1523.5
10.0,1511.5
11.0,1516.0
12.0,1503.25
13.0,1493.5
14.0,1494.25
15.0,1495.25
16.0,1490.0
17.0,1496.75
10.0,1481.5
11.0,1479.0
12.0,1467.75
13.0,1467.75
14.0,1462.25
15.0,1455.0
16.0,1454.0
17.0,1449.0
10.0,1447.5
11.0,1452.5
12.0,1454.5
13.0,1458.0
14.0,1458.75
15.0,1456.25
16.0,1447.0
17.0,1451.0
10.0,1443.5
11.0,1448.5
12.0,1442.0
13.0,1438.5
14.0,1441.0
15.0,1422.75
16.0,1426.0
17.0,1415.75
10.0,1412.0
11.0,1410.0
12.0,1406.0
13.0,1404.0
14.0,1408.75
15.0,1406.25
16.0,1398.5
17.0,1399.25
10.0,1383.75
11.0,1381.0
12.0,1382.25
13.0,1390.25
14.0,1398.25
15.0,1402.0
16.0,1401.75
17.0,1406.0
10.0,1404.25
11.0,1404.0
12.0,1406.25
13.0,1408.25
14.0,1409.0
15.0,1416.75
16.0,1420.25
17.0,1430.5
10.0,1432.5
11.0,1432.0
12.0,1431.75
13.0,1434.0
14.0,1434.0
15.0,1437.0
16.0,1442.75
17.0,1436.5
10.0,1424.5
11.0,1413.25
12.0,1412.25
13.0,1412.75
14.0,1414.75
15.0,1417.25
16.0,1415.5
17.0,1421.75
10.0,1448.5
11.0,1451.0
12.0,1450.75
13.0,1448.75
14.0,1447.75
15.0,1446.75
16.0,1441.5
17.0,1436.75
10.0,1443.75
11.0,1445.25
12.0,1440.0
13.0,1438.25
14.0,1436.0
15.0,1435.0
16.0,1436.0
17.0,1439.5
10.0,1451.75
11.0,1449.25
12.0,1446.0
13.0,1449.25
14.0,1450.5
15.0,1454.0
16.0,1452.5
17.0,1450.5
10.0,1454.0
11.0,1453.0
12.0,1455.5
13.0,1456.0
14.0,1454.0
15.0,1451.75
16.0,1451.25
17.0,1455.25
10.0,1450.5
11.0,1450.5
12.0,1454.25
13.0,1452.5
14.0,1453.5
15.0,1457.0
16.0,1461.75
17.0,1461.75
10.0,1464.25
11.0,1462.25
12.0,1464.25
13.0,1467.5
14.0,1469.25
15.0,1472.5
16.0,1473.0
17.0,1470.75
10.0,1465.75
11.0,1467.5
12.0,1467.0
13.0,1466.75
14.0,1465.5
15.0,1462.25
16.0,1466.75
17.0,1468.25
10.0,1469.5
11.0,1473.5
12.0,1471.0
13.0,1475.25
14.0,1474.25
15.0,1473.0
16.0,1471.75
17.0,1460.75
10.0,1460.75
11.0,1464.0
12.0,1469.5
13.0,1471.0
14.0,1472.5
15.0,1473.0
16.0,1479.0
17.0,1485.5
10.0,1484.25
11.0,1488.75
12.0,1485.75
13.0,1488.0
14.0,1486.5
15.0,1488.0
16.0,1485.5
17.0,1484.75
10.0,1479.5
11.0,1483.5
12.0,1477.75
13.0,1479.5
14.0,1479.0
15.0,1478.75
16.0,1481.25
17.0,1475.5
10.0,1479.0
11.0,1470.75
12.0,1469.5
13.0,1467.25
14.0,1473.75
15.0,1476.25
16.0,1477.25
17.0,1473.5
10.0,1468.75
11.0,1453.0
12.0,1459.25
13.0,1464.25
14.0,1466.0
15.0,1464.75
16.0,1461.5
17.0,1461.75
10.0,1463.0
11.0,1461.0
12.0,1466.0
13.0,1466.25
14.0,1471.5
15.0,1468.25
16.0,1464.0
17.0,1465.0
10.0,1446.25
11.0,1444.5
12.0,1447.0
13.0,1446.75
14.0,1446.5
15.0,1452.75
16.0,1456.75
17.0,1451.5
10.0,1430.0
11.0,1432.25
12.0,1430.5
13.0,1426.25
14.0,1427.75
15.0,1430.75
16.0,1430.0
17.0,1431.0
10.0,1424.0
11.0,1425.25
12.0,1424.5
13.0,1422.5
14.0,1418.5
15.0,1418.5
16.0,1414.5
17.0,1415.0
10.0,1411.75
11.0,1405.5
12.0,1395.25
13.0,1407.0
14.0,1412.75
15.0,1407.75
16.0,1403.0
17.0,1407.75
10.0,1411.0
11.0,1417.0
12.0,1420.25
13.0,1423.5
14.0,1425.5
15.0,1418.0
16.0,1425.25
17.0,1426.5
10.0,1435.5
11.0,1435.5
12.0,1435.5
13.0,1431.75
14.0,1434.75
15.0,1440.75
16.0,1435.0
17.0,1419.5
10.0,1429.5
11.0,1428.5
12.0,1431.5
13.0,1429.25
14.0,1425.25
15.0,1420.5
16.0,1415.25
17.0,1412.5
10.0,1403.25
11.0,1397.75
12.0,1393.75
13.0,1398.25
14.0,1392.5
15.0,1392.0
16.0,1389.75
17.0,1386.25
10.0,1373.75
11.0,1382.75
12.0,1381.75
13.0,1381.25
14.0,1392.5
15.0,1392.75
16.0,1395.5
17.0,1399.25
10.0,1396.25
11.0,1404.75
12.0,1396.75
13.0,1396.0
14.0,1389.75
15.0,1394.5
16.0,1397.25
17.0,1397.75
10.0,1380.0
11.0,1370.75
12.0,1369.75
13.0,1374.75
14.0,1375.25
15.0,1372.0
16.0,1378.0
17.0,1382.25
10.0,1413.25
11.0,1407.75
12.0,1412.0
13.0,1412.0
14.0,1419.25
15.0,1415.75
16.0,1420.25
17.0,1426.0
10.0,1443.5
11.0,1445.5
12.0,1443.75
13.0,1444.75
14.0,1448.5
15.0,1445.0
16.0,1449.25
17.0,1442.25
10.0,1442.0
11.0,1442.75
12.0,1429.5
13.0,1436.5
14.0,1435.5
15.0,1434.0
16.0,1435.75
17.0,1436.75
10.0,1426.25
11.0,1428.25
12.0,1427.5
13.0,1432.0
14.0,1428.5
15.0,1425.0
16.0,1420.75
17.0,1426.5
10.0,1412.25
11.0,1410.25
12.0,1413.25
13.0,1423.75
14.0,1429.0
15.0,1431.0
16.0,1433.75
17.0,1429.0
10.0,1390.25
11.0,1405.0
12.0,1392.5
13.0,1394.75
14.0,1396.5
15.0,1397.0
16.0,1398.5
17.0,1391.5
10.0,1372.25
11.0,1367.25
12.0,1374.5
13.0,1376.0
14.0,1378.5
15.0,1378.25
16.0,1368.75
17.0,1369.0
10.0,1374.5
11.0,1385.0
12.0,1390.75
13.0,1399.75
14.0,1400.25
15.0,1400.75
16.0,1402.75
17.0,1394.0
10.0,1391.75
11.0,1386.25
12.0,1385.75
13.0,1386.0
14.0,1389.75
15.0,1388.75
16.0,1387.5
17.0,1389.5
10.0,1382.75
11.0,1380.0
12.0,1381.5
13.0,1381.25
14.0,1378.75
15.0,1378.25
16.0,1370.0
17.0,1378.75
10.0,1354.5
11.0,1355.25
12.0,1359.0
13.0,1358.5
14.0,1353.0
15.0,1351.5
16.0,1354.75
17.0,1356.25
10.0,1362.5
11.0,1360.75
12.0,1357.25
13.0,1353.0
14.0,1350.5
15.0,1351.5
16.0,1352.0
17.0,1345.5
10.0,1337.75
11.0,1338.5
12.0,1338.75
13.0,1342.0
14.0,1345.25
15.0,1349.25
16.0,1343.5
17.0,1345.75
10.0,1353.25
11.0,1355.25
12.0,1363.25
13.0,1365.5
14.0,1369.5
15.0,1374.25
16.0,1371.25
17.0,1369.0
10.0,1398.25
11.0,1397.75
12.0,1402.0
13.0,1402.75
14.0,1407.75
15.0,1408.0
16.0,1403.25
17.0,1405.25
10.0,1431.0
11.0,1436.0
12.0,1437.25
13.0,1435.0
14.0,1433.0
15.0,1428.25
16.0,1431.0
17.0,1434.5
10.0,1434.0
11.0,1433.75
12.0,1430.5
13.0,1432.25
14.0,1433.25
15.0,1433.5
16.0,1434.75
17.0,1435.0
10.0,1431.25
11.0,1429.5
12.0,1429.75
13.0,1429.25
14.0,1427.75
15.0,1426.25
16.0,1425.75
17.0,1425.75
10.0,1443.25
11.0,1447.25
12.0,1458.25
13.0,1460.0
14.0,1459.5
15.0,1453.5
16.0,1455.25
17.0,1457.0
10.0,1462.0
11.0,1458.0
12.0,1457.25
13.0,1464.0
14.0,1466.0
15.0,1464.5
16.0,1463.75
17.0,1459.0
10.0,1469.0
11.0,1477.0
12.0,1477.75
13.0,1477.25
14.0,1476.75
15.0,1477.5
16.0,1475.5
17.0,1473.25
10.0,1474.0
11.0,1474.75
12.0,1474.75
13.0,1474.5
14.0,1474.25
15.0,1472.5
16.0,1469.0
17.0,1463.5
10.0,1453.0
11.0,1453.0
12.0,1451.75
13.0,1452.5
14.0,1449.75
15.0,1448.25
16.0,1450.5
17.0,1449.0
10.0,1454.0
11.0,1447.25
12.0,1446.5
13.0,1446.75
14.0,1445.75
15.0,1444.75
16.0,1441.25
17.0,1444.5
10.0,1440.75
11.0,1448.0
12.0,1446.75
13.0,1445.25
14.0,1445.5
15.0,1441.75
16.0,1444.5
17.0,1434.5
10.0,1416.5
11.0,1425.0
12.0,1419.0
13.0,1417.75
14.0,1414.75
15.0,1414.5
16.0,1411.25
17.0,1405.75
10.0,1406.75
11.0,1410.25
12.0,1416.25
13.0,1415.0
14.0,1416.0
15.0,1414.25
16.0,1410.5
17.0,1411.0
10.0,1419.25
11.0,1415.75
12.0,1412.5
13.0,1410.0
14.0,1410.0
15.0,1408.5
16.0,1413.75
17.0,1416.5
10.0,1423.25
11.0,1425.75
12.0,1430.5
13.0,1430.0
14.0,1428.25
15.0,1427.5
16.0,1417.0
17.0,1423.25
10.0,1429.75
11.0,1430.75
12.0,1425.75
13.0,1427.25
14.0,1427.25
15.0,1429.0
16.0,1424.75
17.0,1434.5
10.0,1443.25
11.0,1441.5
12.0,1439.25
13.0,1441.0
14.0,1440.5
15.0,1441.5
16.0,1442.25
17.0,1439.0
10.0,1431.25
11.0,1435.75
12.0,1436.75
13.0,1433.5
14.0,1433.5
15.0,1432.0
16.0,1433.75
17.0,1433.25
10.0,1447.25
11.0,1447.0
12.0,1446.25
13.0,1449.5
14.0,1449.5
15.0,1448.25
16.0,1448.25
17.0,1448.75
10.0,1444.25
11.0,1445.5
12.0,1446.0
13.0,1445.5
14.0,1447.5
15.0,1449.0
16.0,1444.75
17.0,1448.5
10.0,1440.0
11.0,1444.0
12.0,1444.25
13.0,1444.75
14.0,1442.0
15.0,1443.25
16.0,1442.0
17.0,1440.0
10.0,1439.5
11.0,1438.75
12.0,1440.5
13.0,1445.0
14.0,1449.0
15.0,1451.5
16.0,1456.25
17.0,1458.25
10.0,1454.25
11.0,1453.25
12.0,1445.25
13.0,1447.5
14.0,1446.25
15.0,1436.75
16.0,1439.0
17.0,1440.25
10.0,1410.75
11.0,1401.75
12.0,1410.25
13.0,1410.5
14.0,1408.5
15.0,1407.25
16.0,1405.5
17.0,1396.75
10.0,1415.5
11.0,1419.5
12.0,1419.0
13.0,1420.0
14.0,1419.5
15.0,1414.25
16.0,1416.25
17.0,1418.0
10.0,1419.25
11.0,1413.25
12.0,1413.25
13.0,1410.0
14.0,1408.75
15.0,1408.0
16.0,1411.25
17.0,1412.25
10.0,1417.0
11.0,1413.0
12.0,1415.75
13.0,1414.0
14.0,1415.25
15.0,1402.5
16.0,1408.0
17.0,1415.75
10.0,1408.25
11.0,1408.5
12.0,1409.5
13.0,1410.25
14.0,1408.0
15.0,1411.75
16.0,1410.0
17.0,1410.75
10.0,1391.0
11.0,1385.25
12.0,1389.5
13.0,1391.75
14.0,1388.25
15.0,1389.5
16.0,1385.5
17.0,1379.5
10.0,1371.0
11.0,1365.25
12.0,1371.25
13.0,1364.0
14.0,1370.25
15.0,1372.75
16.0,1363.75
17.0,1359.5
10.0,1342.25
11.0,1349.75
12.0,1350.5
13.0,1345.75
14.0,1346.0
15.0,1339.25
16.0,1337.5
17.0,1330.25
10.0,1291.5
11.0,1287.75
12.0,1287.5
13.0,1282.0
14.0,1259.25
15.0,1259.25
16.0,1233.0
17.0,1268.0
10.0,1286.25
11.0,1290.25
12.0,1291.0
13.0,1304.0
14.0,1304.0
15.0,1305.75
16.0,1301.25
17.0,1300.0
10.0,1280.0
11.0,1281.0
12.0,1284.25
13.0,1292.5
14.0,1300.0
15.0,1310.25
16.0,1304.75
17.0,1289.25
10.0,1315.0
11.0,1320.75
12.0,1321.25
13.0,1320.75
14.0,1320.75
15.0,1324.75
16.0,1319.5
17.0,1326.25
10.0,1319.25
11.0,1320.0
12.0,1324.75
13.0,1317.75
14.0,1318.5
15.0,1322.75
16.0,1324.75
17.0,1326.25
10.0,1319.5
11.0,1315.5
12.0,1323.25
13.0,1324.5
14.0,1326.5
15.0,1322.25
16.0,1321.5
17.0,1321.0
10.0,1297.25
11.0,1294.25
12.0,1296.75
13.0,1301.0
14.0,1297.25
15.0,1287.25
16.0,1291.25
17.0,1288.75
10.0,1299.75
11.0,1293.0
12.0,1292.0
13.0,1293.5
14.0,1294.75
15.0,1299.0
16.0,1299.25
17.0,1293.25
10.0,1310.75
11.0,1312.75
12.0,1312.25
13.0,1309.5
14.0,1308.5
15.0,1317.0
16.0,1314.5
17.0,1327.5
10.0,1300.75
11.0,1297.0
12.0,1297.5
13.0,1293.5
14.0,1296.75
15.0,1290.5
16.0,1290.75
17.0,1287.5
10.0,1297.75
11.0,1293.25
12.0,1294.5
13.0,1291.25
14.0,1292.0
15.0,1292.75
16.0,1290.75
17.0,1291.25
10.0,1313.75
11.0,1313.0
12.0,1318.75
13.0,1322.0
14.0,1320.25
15.0,1318.75
16.0,1315.25
17.0,1312.5
10.0,1347.0
11.0,1342.25
12.0,1343.0
13.0,1345.0
14.0,1346.0
15.0,1347.5
16.0,1342.0
17.0,1331.25
10.0,1323.5
11.0,1319.5
12.0,1325.5
13.0,1320.0
14.0,1314.25
15.0,1316.25
16.0,1315.5
17.0,1321.25
10.0,1315.0
11.0,1309.0
12.0,1313.75
13.0,1311.25
14.0,1315.5
15.0,1310.75
16.0,1312.25
17.0,1312.25
10.0,1305.25
11.0,1298.75
12.0,1300.75
13.0,1298.5
14.0,1293.75
15.0,1293.25
16.0,1286.75
17.0,1295.0
10.0,1287.5
11.0,1279.75
12.0,1277.5
13.0,1285.0
14.0,1282.75
15.0,1284.0
16.0,1288.75
17.0,1297.5
10.0,1311.5
11.0,1308.5
12.0,1305.75
13.0,1307.0
14.0,1309.75
15.0,1306.25
16.0,1305.0
17.0,1303.25
10.0,1310.5
11.0,1309.0
12.0,1308.0
13.0,1307.25
14.0,1305.5
15.0,1306.0
16.0,1306.5
17.0,1312.0
10.0,1293.5
11.0,1285.75
12.0,1281.0
13.0,1280.75
14.0,1276.5
15.0,1278.5
16.0,1273.0
17.0,1283.75
10.0,1275.5
11.0,1281.25
12.0,1279.5
13.0,1281.25
14.0,1288.75
15.0,1287.75
16.0,1282.25
17.0,1288.25
10.0,1272.0
11.0,1265.75
12.0,1259.5
13.0,1260.25
14.0,1256.25
15.0,1251.0
16.0,1258.75
17.0,1253.25
10.0,1252.25
11.0,1255.0
12.0,1251.25
13.0,1251.5
14.0,1250.0
15.0,1255.25
16.0,1248.0
17.0,1251.75
10.0,1238.0
11.0,1238.25
12.0,1232.25
13.0,1223.25
14.0,1223.75
15.0,1218.75
16.0,1207.5
17.0,1206.0
10.0,1232.25
11.0,1241.5
12.0,1244.75
13.0,1240.5
14.0,1241.75
15.0,1242.75
16.0,1237.75
17.0,1243.25
10.0,1232.75
11.0,1231.0
12.0,1228.75
13.0,1226.75
14.0,1224.75
15.0,1227.25
16.0,1221.5
17.0,1218.0
10.0,1205.25
11.0,1218.75
12.0,1219.0
13.0,1223.75
14.0,1218.0
15.0,1218.5
16.0,1212.75
17.0,1216.0
10.0,1234.25
11.0,1237.75
12.0,1241.5
13.0,1248.0
14.0,1244.0
15.0,1242.5
16.0,1238.75
17.0,1240.0
10.0,1258.75
11.0,1256.75
12.0,1254.0
13.0,1250.0
14.0,1244.5
15.0,1242.0
16.0,1232.75
17.0,1225.0
10.0,1240.5
11.0,1247.0
12.0,1253.25
13.0,1250.0
14.0,1245.5
15.0,1232.25
16.0,1225.0
17.0,1239.0
10.0,1264.25
11.0,1264.0
12.0,1268.75
13.0,1272.25
14.0,1271.0
15.0,1271.0
16.0,1273.25
17.0,1276.0
10.0,1267.5
11.0,1278.0
12.0,1275.5
13.0,1275.25
14.0,1274.25
15.0,1278.5
16.0,1287.25
17.0,1278.25
10.0,1289.5
11.0,1292.75
12.0,1287.5
13.0,1284.0
14.0,1286.75
15.0,1288.25
16.0,1291.25
17.0,1286.0
10.0,1275.5
11.0,1274.75
12.0,1278.25
13.0,1280.25
14.0,1282.0
15.0,1280.5
16.0,1286.0
17.0,1284.0
10.0,1300.5
11.0,1303.25
12.0,1304.75
13.0,1306.75
14.0,1312.75
15.0,1312.0
16.0,1307.5
17.0,1307.75
10.0,1322.75
11.0,1315.25
12.0,1314.25
13.0,1311.25
14.0,1310.75
15.0,1304.75
16.0,1301.0
17.0,1297.0
10.0,1290.25
11.0,1292.75
12.0,1284.75
13.0,1288.25
14.0,1283.0
15.0,1279.75
16.0,1285.0
17.0,1290.5
10.0,1272.5
11.0,1271.5
12.0,1273.25
13.0,1270.75
14.0,1276.0
15.0,1271.5
16.0,1277.75
17.0,1269.75
10.0,1274.5
11.0,1270.5
12.0,1268.75
13.0,1270.25
14.0,1270.5
15.0,1273.25
16.0,1271.5
17.0,1277.75
10.0,1289.25
11.0,1292.5
12.0,1292.5
13.0,1278.5
14.0,1275.5
15.0,1273.75
16.0,1275.5
17.0,1274.0
10.0,1289.0
11.0,1288.25
12.0,1287.5
13.0,1289.0
14.0,1285.25
15.0,1282.0
16.0,1284.25
17.0,1284.25
10.0,1290.75
11.0,1279.0
12.0,1280.0
13.0,1280.0
14.0,1286.0
15.0,1286.0
16.0,1290.5
17.0,1295.0
10.0,1276.75
11.0,1273.5
12.0,1279.5
13.0,1279.75
14.0,1281.25
15.0,1281.75
16.0,1284.5
17.0,1277.5
10.0,1267.0
11.0,1265.25
12.0,1268.0
13.0,1271.75
14.0,1269.5
15.0,1284.25
16.0,1297.5
17.0,1308.25
10.0,1320.0
11.0,1315.0
12.0,1323.25
13.0,1325.5
14.0,1337.25
15.0,1338.25
16.0,1336.5
17.0,1334.5
10.0,1329.75
11.0,1337.75
12.0,1334.25
13.0,1332.5
14.0,1334.75
15.0,1336.25
16.0,1327.75
17.0,1328.75
10.0,1326.75
11.0,1326.0
12.0,1318.5
13.0,1319.25
14.0,1316.0
15.0,1317.25
16.0,1315.75
17.0,1311.25
10.0,1323.0
11.0,1318.75
12.0,1315.75
13.0,1316.0
14.0,1311.5
15.0,1317.25
16.0,1321.25
17.0,1323.75
10.0,1317.25
11.0,1314.75
12.0,1318.0
13.0,1312.5
14.0,1315.75
15.0,1319.75
16.0,1317.5
17.0,1317.75
10.0,1324.25
11.0,1329.75
12.0,1331.25
13.0,1333.75
14.0,1330.25
15.0,1328.25
16.0,1334.75
17.0,1330.0
10.0,1330.25
11.0,1328.25
12.0,1329.5
13.0,1329.75
14.0,1328.0
15.0,1328.25
16.0,1333.25
17.0,1333.25
10.0,1349.75
11.0,1349.0
12.0,1350.5
13.0,1354.0
14.0,1356.0
15.0,1354.75
16.0,1355.75
17.0,1358.0
10.0,1353.5
11.0,1353.75
12.0,1354.5
13.0,1353.5
14.0,1358.25
15.0,1357.25
16.0,1357.75
17.0,1349.75
10.0,1346.0
11.0,1345.5
12.0,1346.0
13.0,1345.75
14.0,1343.75
15.0,1353.5
16.0,1352.25
17.0,1354.0
10.0,1358.5
11.0,1359.0
12.0,1358.25
13.0,1357.25
14.0,1354.25
15.0,1352.5
16.0,1353.5
17.0,1344.25
10.0,1329.75
11.0,1321.75
12.0,1316.25
13.0,1319.75
14.0,1319.0
15.0,1324.5
16.0,1322.75
17.0,1329.25
10.0,1341.5
11.0,1339.75
12.0,1334.0
13.0,1340.75
14.0,1341.0
15.0,1344.25
16.0,1338.5
17.0,1337.5
10.0,1334.5
11.0,1332.0
12.0,1331.5
13.0,1329.5
14.0,1325.75
15.0,1322.75
16.0,1318.0
17.0,1319.75
10.0,1311.0
11.0,1307.5
12.0,1302.75
13.0,1300.25
14.0,1302.0
15.0,1305.75
16.0,1302.5
17.0,1306.5
10.0,1296.75
11.0,1304.5
12.0,1307.5
13.0,1308.75
14.0,1304.25
15.0,1300.0
16.0,1308.0
17.0,1305.75
10.0,1327.25
11.0,1333.5
12.0,1333.0
13.0,1334.75
14.0,1333.75
15.0,1338.0
16.0,1335.25
17.0,1337.25
10.0,1336.0
11.0,1335.5
12.0,1333.5
13.0,1340.25
14.0,1338.75
15.0,1341.25
16.0,1337.0
17.0,1340.0
10.0,1354.5
11.0,1357.75
12.0,1355.5
13.0,1353.25
14.0,1351.5
15.0,1347.25
16.0,1347.25
17.0,1335.25
10.0,1343.75
11.0,1339.75
12.0,1340.25
13.0,1343.0
14.0,1343.0
15.0,1343.0
16.0,1341.5
17.0,1346.0
10.0,1320.75
11.0,1327.25
12.0,1324.5
13.0,1323.5
14.0,1319.0
15.0,1316.25
16.0,1322.0
17.0,1314.25
10.0,1319.25
11.0,1328.5
12.0,1328.5
13.0,1328.75
14.0,1329.25
15.0,1333.0
16.0,1332.25
17.0,1333.5
10.0,1338.0
11.0,1340.75
12.0,1342.25
13.0,1345.0
14.0,1346.5
15.0,1347.75
16.0,1349.75
17.0,1350.0
10.0,1343.75
11.0,1347.0
12.0,1352.75
13.0,1351.75
14.0,1354.75
15.0,1350.75
16.0,1352.25
17.0,1349.25
10.0,1350.75
11.0,1355.0
12.0,1361.25
13.0,1364.0
14.0,1364.0
15.0,1363.5
16.0,1359.75
17.0,1367.0
10.0,1366.25
11.0,1368.0
12.0,1369.0
13.0,1365.25
14.0,1366.75
15.0,1367.75
16.0,1362.0
17.0,1357.0
10.0,1360.5
11.0,1359.0
12.0,1360.5
13.0,1359.25
14.0,1353.25
15.0,1354.0
16.0,1365.0
17.0,1365.25
10.0,1366.5
11.0,1367.0
12.0,1369.5
13.0,1369.5
14.0,1366.75
15.0,1356.5
16.0,1341.75
17.0,1334.25
10.0,1317.25
11.0,1313.25
12.0,1315.0
13.0,1315.25
14.0,1316.25
15.0,1310.0
16.0,1311.25
17.0,1315.25
10.0,1327.25
11.0,1327.5
12.0,1330.0
13.0,1331.0
14.0,1330.5
15.0,1325.75
16.0,1326.5
17.0,1324.25
10.0,1307.75
11.0,1301.75
12.0,1300.75
13.0,1295.25
14.0,1288.25
15.0,1284.5
16.0,1283.75
17.0,1288.25
10.0,1273.5
11.0,1270.25
12.0,1266.0
13.0,1269.0
14.0,1260.75
15.0,1257.5
16.0,1269.25
17.0,1277.75
10.0,1265.5
11.0,1266.5
12.0,1269.25
13.0,1262.75
14.0,1263.75
15.0,1259.0
16.0,1256.75
17.0,1264.75
10.0,1246.25
11.0,1254.75
12.0,1240.5
13.0,1235.75
14.0,1237.0
15.0,1243.0
16.0,1228.75
17.0,1231.0
10.0,1237.75
11.0,1242.0
12.0,1240.75
13.0,1229.75
14.0,1225.25
15.0,1230.5
16.0,1239.0
17.0,1228.75
10.0,1239.75
11.0,1239.0
12.0,1240.5
13.0,1243.5
14.0,1239.75
15.0,1247.0
16.0,1252.0
17.0,1254.0
10.0,1247.75
11.0,1259.0
12.0,1263.25
13.0,1262.25
14.0,1262.75
15.0,1264.25
16.0,1264.5
17.0,1254.5
10.0,1284.25
11.0,1287.0
12.0,1283.0
13.0,1283.5
14.0,1282.0
15.0,1283.25
16.0,1274.0
17.0,1268.25
10.0,1254.25
11.0,1257.0
12.0,1255.25
13.0,1246.25
14.0,1245.0
15.0,1248.0
16.0,1250.25
17.0,1250.5
10.0,1268.5
11.0,1268.0
12.0,1265.25
13.0,1262.0
14.0,1260.0
15.0,1261.75
16.0,1259.25
17.0,1251.75
10.0,1237.75
11.0,1239.5
12.0,1245.75
13.0,1242.0
14.0,1247.0
15.0,1246.25
16.0,1244.5
17.0,1241.25
10.0,1258.75
11.0,1266.75
12.0,1262.75
13.0,1264.75
14.0,1266.25
15.0,1266.5
16.0,1266.25
17.0,1271.0
10.0,1269.0
11.0,1271.25
12.0,1269.5
13.0,1265.0
14.0,1260.0
15.0,1262.75
16.0,1265.0
17.0,1261.0
10.0,1273.0
11.0,1273.25
12.0,1271.75
13.0,1270.5
14.0,1273.5
15.0,1277.25
16.0,1276.0
17.0,1274.75
10.0,1272.0
11.0,1275.25
12.0,1276.5
13.0,1277.75
14.0,1275.75
15.0,1274.0
16.0,1271.75
17.0,1275.0
10.0,1230.0
11.0,1228.25
12.0,1232.0
13.0,1224.25
14.0,1231.25
15.0,1232.25
16.0,1231.25
17.0,1227.25
10.0,1154.25
11.0,1163.0
12.0,1172.25
13.0,1169.0
14.0,1173.75
15.0,1176.0
16.0,1184.5
17.0,1192.75
10.0,1201.75
11.0,1201.5
12.0,1196.0
13.0,1188.25
14.0,1194.25
15.0,1198.25
16.0,1188.75
17.0,1179.25
10.0,1185.5
11.0,1183.25
12.0,1173.0
13.0,1178.5
14.0,1178.5
15.0,1182.5
16.0,1178.75
17.0,1177.75
10.0,1175.25
11.0,1184.75
12.0,1192.5
13.0,1190.5
14.0,1192.25
15.0,1192.0
16.0,1190.0
17.0,1183.0
10.0,1201.0
11.0,1197.75
12.0,1199.25
13.0,1196.5
14.0,1196.75
15.0,1199.25
16.0,1194.5
17.0,1189.0
10.0,1158.25
11.0,1161.25
12.0,1157.25
13.0,1158.5
14.0,1163.75
15.0,1164.75
16.0,1156.75
17.0,1169.25
10.0,1160.0
11.0,1158.25
12.0,1148.5
13.0,1148.0
14.0,1149.5
15.0,1135.0
16.0,1131.0
17.0,1135.25
10.0,1144.25
11.0,1135.0
12.0,1143.25
13.0,1139.5
14.0,1134.25
15.0,1132.25
16.0,1134.75
17.0,1138.0
10.0,1155.25
11.0,1157.25
12.0,1164.5
13.0,1167.25
14.0,1164.0
15.0,1162.0
16.0,1158.5
17.0,1155.5
10.0,1126.25
11.0,1126.25
12.0,1124.0
13.0,1125.75
14.0,1124.75
15.0,1131.5
16.0,1125.0
17.0,1115.0
10.0,1115.5
11.0,1120.0
12.0,1126.0
13.0,1123.75
14.0,1126.25
15.0,1135.5
16.0,1120.0
17.0,1131.25
10.0,1171.5
11.0,1176.0
12.0,1178.0
13.0,1183.75
14.0,1185.25
15.0,1181.25
16.0,1188.75
17.0,1182.5
10.0,1176.5
11.0,1183.0
12.0,1184.0
13.0,1184.25
14.0,1185.75
15.0,1177.0
16.0,1178.0
17.0,1178.5
10.0,1163.5
11.0,1169.5
12.0,1177.5
13.0,1182.75
14.0,1183.75
15.0,1187.0
16.0,1190.75
17.0,1197.0
10.0,1194.25
11.0,1186.25
12.0,1183.25
13.0,1181.0
14.0,1183.5
15.0,1185.5
16.0,1186.25
17.0,1190.0
10.0,1189.0
11.0,1185.5
12.0,1177.25
13.0,1161.25
14.0,1168.75
15.0,1170.25
16.0,1172.75
17.0,1159.0
10.0,1170.25
11.0,1170.5
12.0,1166.75
13.0,1171.5
14.0,1173.5
15.0,1172.75
16.0,1178.75
17.0,1176.0
10.0,1182.25
11.0,1173.0
12.0,1176.5
13.0,1173.25
14.0,1170.0
15.0,1168.0
16.0,1166.75
17.0,1174.25
10.0,1148.5
11.0,1150.5
12.0,1151.5
13.0,1152.25
14.0,1156.0
15.0,1151.75
16.0,1145.5
17.0,1145.25
10.0,1156.25
11.0,1142.0
12.0,1142.25
13.0,1146.5
14.0,1141.25
15.0,1146.0
16.0,1143.75
17.0,1130.25
10.0,1150.0
11.0,1152.0
12.0,1152.5
13.0,1150.75
14.0,1149.25
15.0,1135.25
16.0,1143.75
17.0,1160.25
10.0,1153.5
11.0,1165.0
12.0,1167.5
13.0,1166.5
14.0,1167.25
15.0,1163.5
16.0,1166.25
17.0,1161.25
10.0,1151.5
11.0,1127.5
12.0,1127.25
13.0,1128.5
14.0,1120.25
15.0,1125.75
16.0,1118.0
17.0,1106.75
10.0,1107.5
11.0,1102.75
12.0,1106.75
13.0,1100.0
14.0,1087.0
15.0,1081.5
16.0,1088.5
17.0,1086.0
10.0,1112.0
11.0,1119.5
12.0,1126.25
13.0,1124.0
14.0,1127.0
15.0,1123.25
16.0,1124.5
17.0,1125.75
10.0,1087.0
11.0,1087.25
12.0,1090.0
13.0,1077.0
14.0,1079.5
15.0,1080.75
16.0,1088.5
17.0,1078.25
10.0,1097.0
11.0,1098.0
12.0,1095.25
13.0,1100.75
14.0,1099.0
15.0,1101.5
16.0,1100.0
17.0,1101.5
10.0,1147.25
11.0,1151.5
12.0,1153.75
13.0,1154.0
14.0,1155.0
15.0,1154.25
16.0,1154.25
17.0,1156.75
10.0,1168.5
11.0,1158.75
12.0,1156.25
13.0,1161.25
14.0,1162.75
15.0,1155.0
16.0,1153.0
17.0,1151.75
10.0,1171.0
11.0,1183.5
12.0,1181.75
13.0,1183.25
14.0,1187.0
15.0,1187.25
16.0,1189.75
17.0,1197.0
10.0,1189.25
11.0,1194.75
12.0,1199.75
13.0,1202.0
14.0,1201.75
15.0,1201.5
16.0,1197.75
17.0,1194.5
10.0,1196.25
11.0,1193.75
12.0,1184.0
13.0,1178.25
14.0,1185.5
15.0,1178.25
16.0,1181.25
17.0,1177.75
10.0,1202.25
11.0,1206.75
12.0,1207.5
13.0,1207.75
14.0,1205.0
15.0,1208.0
16.0,1207.5
17.0,1209.25
10.0,1209.25
11.0,1204.25
12.0,1203.75
13.0,1205.75
14.0,1205.75
15.0,1206.75
16.0,1204.5
17.0,1195.75
10.0,1183.0
11.0,1175.0
12.0,1167.75
13.0,1166.5
14.0,1167.0
15.0,1170.25
16.0,1158.0
17.0,1159.0
10.0,1164.0
11.0,1169.75
12.0,1172.5
13.0,1178.75
14.0,1180.75
15.0,1180.75
16.0,1177.0
17.0,1183.0
10.0,1200.75
11.0,1204.25
12.0,1202.0
13.0,1193.75
14.0,1193.5
15.0,1199.0
16.0,1198.25
17.0,1199.5
10.0,1175.25
11.0,1172.25
12.0,1179.0
13.0,1186.0
14.0,1188.0
15.0,1192.0
16.0,1189.25
17.0,1193.0
10.0,1202.0
11.0,1196.0
12.0,1200.75
13.0,1201.0
14.0,1204.75
15.0,1202.0
16.0,1201.25
17.0,1210.75
10.0,1225.5
11.0,1217.0
12.0,1214.75
13.0,1218.0
14.0,1218.25
15.0,1214.5
16.0,1205.75
17.0,1207.0
10.0,1214.0
11.0,1217.25
12.0,1220.0
13.0,1219.75
14.0,1220.5
15.0,1218.5
16.0,1217.25
17.0,1219.25
10.0,1220.75
11.0,1222.5
12.0,1224.0
13.0,1228.25
14.0,1232.0
15.0,1228.0
16.0,1224.25
17.0,1232.5
10.0,1221.75
11.0,1218.25
12.0,1217.75
13.0,1218.75
14.0,1223.0
15.0,1220.25
16.0,1219.25
17.0,1222.75
10.0,1214.75
11.0,1218.0
12.0,1218.75
13.0,1218.5
14.0,1225.5
15.0,1225.5
16.0,1223.0
17.0,1214.0
10.0,1219.25
11.0,1222.75
12.0,1222.75
13.0,1227.75
14.0,1228.0
15.0,1228.75
16.0,1223.0
17.0,1221.0
10.0,1225.75
11.0,1222.0
12.0,1224.5
13.0,1229.5
14.0,1251.5
15.0,1246.0
16.0,1244.75
17.0,1221.5
10.0,1236.0
11.0,1240.0
12.0,1244.25
13.0,1241.25
14.0,1244.25
15.0,1243.25
16.0,1242.0
17.0,1245.0
10.0,1251.75
11.0,1253.75
12.0,1252.5
13.0,1248.25
14.0,1247.25
15.0,1244.75
16.0,1250.75
17.0,1251.25
10.0,1238.75
11.0,1238.75
12.0,1237.75
13.0,1236.75
14.0,1236.5
15.0,1234.25
16.0,1234.25
17.0,1231.0
10.0,1237.75
11.0,1233.75
12.0,1228.25
13.0,1225.25
14.0,1217.0
15.0,1219.5
16.0,1223.5
17.0,1220.0
10.0,1222.5
11.0,1209.0
12.0,1202.25
13.0,1199.0
14.0,1205.5
15.0,1207.75
16.0,1217.25
17.0,1215.75
10.0,1223.75
11.0,1221.0
12.0,1222.75
13.0,1220.75
14.0,1220.75
15.0,1223.75
16.0,1223.5
17.0,1224.5
10.0,1219.25
11.0,1228.25
12.0,1224.5
13.0,1224.5
14.0,1220.75
15.0,1221.0
16.0,1215.5
17.0,1217.5
10.0,1202.25
11.0,1209.25
12.0,1207.5
13.0,1207.25
14.0,1209.0
15.0,1211.25
16.0,1216.0
17.0,1215.75
10.0,1223.75
11.0,1224.0
12.0,1222.25
13.0,1222.5
14.0,1220.0
15.0,1218.75
16.0,1212.0
17.0,1210.5
10.0,1197.5
11.0,1196.25
12.0,1187.25
13.0,1190.5
14.0,1191.5
15.0,1189.5
16.0,1191.5
17.0,1193.0
10.0,1215.25
11.0,1215.0
12.0,1218.25
13.0,1220.0
14.0,1221.0
15.0,1222.5
16.0,1225.25
17.0,1221.25
10.0,1211.75
11.0,1215.25
12.0,1213.5
13.0,1213.75
14.0,1213.5
15.0,1215.5
16.0,1213.0
17.0,1211.25
10.0,1198.5
11.0,1202.0
12.0,1199.25
13.0,1195.75
14.0,1197.75
15.0,1192.75
16.0,1199.0
17.0,1203.25
10.0,1204.0
11.0,1206.5
12.0,1212.25
13.0,1214.5
14.0,1214.75
15.0,1212.5
16.0,1211.25
17.0,1208.0
10.0,1185.5
11.0,1181.0
12.0,1175.5
13.0,1178.0
14.0,1177.5
15.0,1178.75
16.0,1182.0
17.0,1177.5
10.0,1185.0
11.0,1188.5
12.0,1188.0
13.0,1187.0
14.0,1191.0
15.0,1190.5
16.0,1189.5
17.0,1193.75
10.0,1194.25
11.0,1194.5
12.0,1190.25
13.0,1192.25
14.0,1192.5
15.0,1194.75
16.0,1194.0
17.0,1189.0
10.0,1203.25
11.0,1206.25
12.0,1204.75
13.0,1205.75
14.0,1208.5
15.0,1211.0
16.0,1215.0
17.0,1216.25
10.0,1227.5
11.0,1223.5
12.0,1224.75
13.0,1226.75
14.0,1223.75
15.0,1225.75
16.0,1226.25
17.0,1220.25
10.0,1216.0
11.0,1216.0
12.0,1220.75
13.0,1219.5
14.0,1216.25
15.0,1214.5
16.0,1216.75
17.0,1216.25
10.0,1242.75
11.0,1244.5
12.0,1251.25
13.0,1252.0
14.0,1251.25
15.0,1249.5
16.0,1252.25
17.0,1247.0
10.0,1251.5
11.0,1255.5
12.0,1256.25
13.0,1254.75
14.0,1253.5
15.0,1254.0
16.0,1245.75
17.0,1249.5
10.0,1248.5
11.0,1248.75
12.0,1248.5
13.0,1247.75
14.0,1247.0
15.0,1251.75
16.0,1250.0
17.0,1249.0
10.0,1237.5
11.0,1243.75
12.0,1245.0
13.0,1243.25
14.0,1244.0
15.0,1245.25
16.0,1245.75
17.0,1250.75
10.0,1272.75
11.0,1272.5
12.0,1274.5
13.0,1272.75
14.0,1273.25
15.0,1274.75
16.0,1275.5
17.0,1276.75
10.0,1273.75
11.0,1272.0
12.0,1275.75
13.0,1277.25
14.0,1277.0
15.0,1274.0
16.0,1275.75
17.0,1279.5
10.0,1277.25
11.0,1276.25
12.0,1270.5
13.0,1273.25
14.0,1273.5
15.0,1273.5
16.0,1272.75
17.0,1274.25
10.0,1270.75
11.0,1265.5
12.0,1265.25
13.0,1266.5
14.0,1263.25
15.0,1262.75
16.0,1264.75
17.0,1260.0
10.0,1257.25
11.0,1253.5
12.0,1259.0
13.0,1255.5
14.0,1253.75
15.0,1255.5
16.0,1254.75
17.0,1254.25
10.0,1264.25
11.0,1261.5
12.0,1258.25
13.0,1255.75
14.0,1257.75
15.0,1258.25
16.0,1257.0
17.0,1255.0
10.0,1253.25
11.0,1255.0
12.0,1259.75
13.0,1260.75
14.0,1259.5
15.0,1258.25
16.0,1258.75
17.0,1253.0
10.0,1244.25
11.0,1236.5
12.0,1241.0
13.0,1240.25
14.0,1240.0
15.0,1245.0
16.0,1253.25
17.0,1255.75
10.0,1242.25
11.0,1243.25
12.0,1244.0
13.0,1241.5
14.0,1241.0
15.0,1235.5
16.0,1230.75
17.0,1231.75
10.0,1224.5
11.0,1225.0
12.0,1226.75
13.0,1230.0
14.0,1232.0
15.0,1229.25
16.0,1226.5
17.0,1221.0
10.0,1204.75
11.0,1201.5
12.0,1200.0
13.0,1200.5
14.0,1200.75
15.0,1204.5
16.0,1200.0
17.0,1202.25
10.0,1185.5
11.0,1187.0
12.0,1186.0
13.0,1185.25
14.0,1182.75
15.0,1179.25
16.0,1185.0
17.0,1184.25
10.0,1198.0
11.0,1208.0
12.0,1210.75
13.0,1211.5
14.0,1212.0
15.0,1209.25
16.0,1209.75
17.0,1207.5
10.0,1216.75
11.0,1217.0
12.0,1215.25
13.0,1212.0
14.0,1209.0
15.0,1208.0
16.0,1209.75
17.0,1208.5
10.0,1207.25
11.0,1207.5
12.0,1206.25
13.0,1203.5
14.0,1204.25
15.0,1205.5
16.0,1202.75
17.0,1204.5
10.0,1196.5
11.0,1204.75
12.0,1210.5
13.0,1211.0
14.0,1211.25
15.0,1206.5
16.0,1199.5
17.0,1193.25
10.0,1192.0
11.0,1192.75
12.0,1194.75
13.0,1195.75
14.0,1190.0
15.0,1192.5
16.0,1201.75
17.0,1197.75
10.0,1197.0
11.0,1201.75
12.0,1202.5
13.0,1200.5
14.0,1200.75
15.0,1199.5
16.0,1208.0
17.0,1213.25
10.0,1227.0
11.0,1220.5
12.0,1220.75
13.0,1218.0
14.0,1218.75
15.0,1211.25
16.0,1209.5
17.0,1211.5
10.0,1208.5
11.0,1210.0
12.0,1211.25
13.0,1209.75
14.0,1209.75
15.0,1208.25
16.0,1212.25
17.0,1214.75
10.0,1210.0
11.0,1204.5
12.0,1206.5
13.0,1206.5
14.0,1213.0
15.0,1212.25
16.0,1204.25
17.0,1203.25
10.0,1218.75
11.0,1219.5
12.0,1217.25
13.0,1217.5
14.0,1218.25
15.0,1218.5
16.0,1220.75
17.0,1219.5
10.0,1213.5
11.0,1221.75
12.0,1216.0
13.0,1214.5
14.0,1215.75
15.0,1215.0
16.0,1218.75
17.0,1219.5
10.0,1217.25
11.0,1222.75
12.0,1220.0
13.0,1223.5
14.0,1223.5
15.0,1225.0
16.0,1227.25
17.0,1235.5
10.0,1246.75
11.0,1247.5
12.0,1247.5
13.0,1245.75
14.0,1246.75
15.0,1248.0
16.0,1248.25
17.0,1246.5
10.0,1253.0
11.0,1252.0
12.0,1254.0
13.0,1257.25
14.0,1257.0
15.0,1256.25
16.0,1254.0
17.0,1254.0
10.0,1254.75
11.0,1255.25
12.0,1258.0
13.0,1256.5
14.0,1257.25
15.0,1254.75
16.0,1259.75
17.0,1258.25
10.0,1257.0
11.0,1255.5
12.0,1255.75
13.0,1256.5
14.0,1257.25
15.0,1257.75
16.0,1257.75
17.0,1260.25
10.0,1258.25
11.0,1259.0
12.0,1260.25
13.0,1258.5
14.0,1261.25
15.0,1259.75
16.0,1260.0
17.0,1254.0
10.0,1245.75
11.0,1240.5
12.0,1238.0
13.0,1237.75
14.0,1236.75
15.0,1235.25
16.0,1235.25
17.0,1237.75
10.0,1238.5
11.0,1242.75
12.0,1244.0
13.0,1244.25
14.0,1243.5
15.0,1239.5
16.0,1238.25
17.0,1240.0
10.0,1248.0
11.0,1247.0
12.0,1249.0
13.0,1249.25
14.0,1250.0
15.0,1237.75
16.0,1230.0
17.0,1228.0
10.0,1246.0
11.0,1249.25
12.0,1248.25
13.0,1247.5
14.0,1247.5
15.0,1245.5
16.0,1248.25
17.0,1247.75
10.0,1243.25
11.0,1243.0
12.0,1244.0
13.0,1244.75
14.0,1247.5
15.0,1246.5
16.0,1246.5
17.0,1243.25
10.0,1233.0
11.0,1233.0
12.0,1232.5
13.0,1232.75
14.0,1231.5
15.0,1229.0
16.0,1231.5
17.0,1230.0
10.0,1214.25
11.0,1209.75
12.0,1205.75
13.0,1205.5
14.0,1202.5
15.0,1197.25
16.0,1198.75
17.0,1197.0
10.0,1187.25
11.0,1179.5
12.0,1178.0
13.0,1175.75
14.0,1175.5
15.0,1173.5
16.0,1177.25
17.0,1181.0
10.0,1160.25
11.0,1155.0
12.0,1156.75
13.0,1154.5
14.0,1154.25
15.0,1156.0
16.0,1162.0
17.0,1156.0
10.0,1169.0
11.0,1174.75
12.0,1174.0
13.0,1173.75
14.0,1176.25
15.0,1177.0
16.0,1177.75
17.0,1180.5
10.0,1169.0
11.0,1166.0
12.0,1169.75
13.0,1169.25
14.0,1165.5
15.0,1162.5
16.0,1156.25
17.0,1156.5
10.0,1175.0
11.0,1176.0
12.0,1172.75
13.0,1176.25
14.0,1173.75
15.0,1178.5
16.0,1179.25
17.0,1182.0
10.0,1209.0
11.0,1216.75
12.0,1217.5
13.0,1217.75
14.0,1217.75
15.0,1221.0
16.0,1216.0
17.0,1218.75
10.0,1222.75
11.0,1218.75
12.0,1219.75
13.0,1225.5
14.0,1224.5
15.0,1220.0
16.0,1218.0
17.0,1225.25
10.0,1223.5
11.0,1226.25
12.0,1228.25
13.0,1231.0
14.0,1233.0
15.0,1235.0
16.0,1236.5
17.0,1237.0
10.0,1232.5
11.0,1234.25
12.0,1244.75
13.0,1245.75
14.0,1242.5
15.0,1242.75
16.0,1238.0
17.0,1239.0
10.0,1166.5
11.0,1164.25
12.0,1165.75
13.0,1158.25
14.0,1150.0
15.0,1151.75
16.0,1141.75
17.0,1134.25
10.0,1159.75
11.0,1156.5
12.0,1160.0
13.0,1160.25
14.0,1164.0
15.0,1168.5
16.0,1171.5
17.0,1166.5
10.0,1172.75
11.0,1180.0
12.0,1184.25
13.0,1186.0
14.0,1185.5
15.0,1186.5
16.0,1186.25
17.0,1188.25
10.0,1195.25
11.0,1194.75
12.0,1199.5
13.0,1199.5
14.0,1196.5
15.0,1198.0
16.0,1197.75
17.0,1203.5
10.0,1213.5
11.0,1213.75
12.0,1215.0
13.0,1218.0
14.0,1225.0
15.0,1221.25
16.0,1223.75
17.0,1224.75
10.0,1216.75
11.0,1214.75
12.0,1218.75
13.0,1217.25
14.0,1216.0
15.0,1214.75
16.0,1210.75
17.0,1210.25
10.0,1199.25
11.0,1197.25
12.0,1199.0
13.0,1201.0
14.0,1192.5
15.0,1192.5
16.0,1187.75
17.0,1186.5
10.0,1177.25
11.0,1171.5
12.0,1174.5
13.0,1165.0
14.0,1166.25
15.0,1166.75
16.0,1165.25
17.0,1164.75
10.0,1194.25
11.0,1194.75
12.0,1194.5
13.0,1189.5
14.0,1189.0
15.0,1190.0
16.0,1193.75
17.0,1191.0
10.0,1192.75
11.0,1194.0
12.0,1194.5
13.0,1195.5
14.0,1199.25
15.0,1210.0
16.0,1207.5
17.0,1208.5
10.0,1219.5
11.0,1220.75
12.0,1223.5
13.0,1224.0
14.0,1225.75
15.0,1228.25
16.0,1231.0
17.0,1234.75
10.0,1235.5
11.0,1242.25
12.0,1241.75
13.0,1241.25
14.0,1241.5
15.0,1242.25
16.0,1241.25
17.0,1240.75
10.0,1241.25
11.0,1243.25
12.0,1245.75
13.0,1246.5
14.0,1245.75
15.0,1247.0
16.0,1243.0
17.0,1244.75
10.0,1250.5
11.0,1250.25
12.0,1253.0
13.0,1251.0
14.0,1251.5
15.0,1255.25
16.0,1251.5
17.0,1251.25
10.0,1255.0
11.0,1255.0
12.0,1253.25
13.0,1257.25
14.0,1261.25
15.0,1261.25
16.0,1259.75
17.0,1263.25
10.0,1262.75
11.0,1253.75
12.0,1248.75
13.0,1249.0
14.0,1255.75
15.0,1249.5
16.0,1247.25
17.0,1256.75
10.0,1253.0
11.0,1251.75
12.0,1251.5
13.0,1252.0
14.0,1254.75
15.0,1255.0
16.0,1258.5
17.0,1258.5
10.0,1266.0
11.0,1266.5
12.0,1268.0
13.0,1268.0
14.0,1266.0
15.0,1267.25
16.0,1263.75
17.0,1268.5
10.0,1267.25
11.0,1265.25
12.0,1261.75
13.0,1264.25
14.0,1264.5
15.0,1261.0
16.0,1267.25
17.0,1271.25
10.0,1263.25
11.0,1264.25
12.0,1263.25
13.0,1266.25
14.0,1264.25
15.0,1265.75
16.0,1262.5
17.0,1265.25
10.0,1275.75
11.0,1282.25
12.0,1280.75
13.0,1280.25
14.0,1280.0
15.0,1278.25
16.0,1274.0
17.0,1272.25
10.0,1264.25
11.0,1264.75
12.0,1265.5
13.0,1267.25
14.0,1267.0
15.0,1268.25
16.0,1271.5
17.0,1267.25
10.0,1277.5
11.0,1280.75
12.0,1279.5
13.0,1279.75
14.0,1280.75
15.0,1280.75
16.0,1280.5
17.0,1274.5
10.0,1276.0
11.0,1271.25
12.0,1266.25
13.0,1268.75
14.0,1270.25
15.0,1272.5
16.0,1271.75
17.0,1270.5
10.0,1271.75
11.0,1274.25
12.0,1273.0
13.0,1274.0
14.0,1274.75
15.0,1273.0
16.0,1272.5
17.0,1272.5
10.0,1275.5
11.0,1269.25
12.0,1267.0
13.0,1264.75
14.0,1264.5
15.0,1261.75
16.0,1263.75
17.0,1265.25
10.0,1253.25
11.0,1251.0
12.0,1252.0
13.0,1251.25
14.0,1250.75
15.0,1251.25
16.0,1250.5
17.0,1244.25
10.0,1239.5
11.0,1239.0
12.0,1240.5
13.0,1238.5
14.0,1236.0
15.0,1235.75
16.0,1237.25
17.0,1240.0
10.0,1246.5
11.0,1245.5
12.0,1245.75
13.0,1246.5
14.0,1251.75
15.0,1246.0
16.0,1245.0
17.0,1249.5
10.0,1260.5
11.0,1256.25
12.0,1255.5
13.0,1256.25
14.0,1253.0
15.0,1259.75
16.0,1263.75
17.0,1264.75
10.0,1273.5
11.0,1273.5
12.0,1271.0
13.0,1271.75
14.0,1270.5
15.0,1270.5
16.0,1271.25
17.0,1270.5
10.0,1275.25
11.0,1281.0
12.0,1281.5
13.0,1283.25
14.0,1285.75
15.0,1286.0
16.0,1289.25
17.0,1293.0
10.0,1294.5
11.0,1295.5
12.0,1293.25
13.0,1293.75
14.0,1294.0
15.0,1293.5
16.0,1292.25
17.0,1292.75
10.0,1290.5
11.0,1290.75
12.0,1298.5
13.0,1300.75
14.0,1298.0
15.0,1300.75
16.0,1300.75
17.0,1301.0
10.0,1303.5
11.0,1303.0
12.0,1301.25
13.0,1302.0
14.0,1301.25
15.0,1300.0
16.0,1300.0
17.0,1300.0
10.0,1311.5
11.0,1308.25
12.0,1306.5
13.0,1308.0
14.0,1309.0
15.0,1308.5
16.0,1306.75
17.0,1307.5
10.0,1300.5
11.0,1299.5
12.0,1301.0
13.0,1295.75
14.0,1293.5
15.0,1292.75
16.0,1293.0
17.0,1294.75
10.0,1288.0
11.0,1285.75
12.0,1289.75
13.0,1285.75
14.0,1285.5
15.0,1284.5
16.0,1280.5
17.0,1281.5
10.0,1289.5
11.0,1290.0
12.0,1290.25
13.0,1289.75
14.0,1287.75
15.0,1290.0
16.0,1289.5
17.0,1290.5
10.0,1280.5
11.0,1279.5
12.0,1280.75
13.0,1282.5
14.0,1281.0
15.0,1283.5
16.0,1275.25
17.0,1279.5
10.0,1289.25
11.0,1289.75
12.0,1287.0
13.0,1280.75
14.0,1281.25
15.0,1280.25
16.0,1277.25
17.0,1279.0
10.0,1289.5
11.0,1293.25
12.0,1293.25
13.0,1292.0
14.0,1294.0
15.0,1296.25
16.0,1295.75
17.0,1294.75
10.0,1301.25
11.0,1303.0
12.0,1304.25
13.0,1305.5
14.0,1305.5
15.0,1305.5
16.0,1301.0
17.0,1299.0
10.0,1295.75
11.0,1289.25
12.0,1296.0
13.0,1292.0
14.0,1295.75
15.0,1293.75
16.0,1294.25
17.0,1294.25
10.0,1291.0
11.0,1292.25
12.0,1295.75
13.0,1293.0
14.0,1293.5
15.0,1294.5
16.0,1295.75
17.0,1299.0
10.0,1290.25
11.0,1294.5
12.0,1294.25
13.0,1295.0
14.0,1295.5
15.0,1297.0
16.0,1297.0
17.0,1296.5
10.0,1310.75
11.0,1309.5
12.0,1311.5
13.0,1307.5
14.0,1308.25
15.0,1308.5
16.0,1310.5
17.0,1308.0
10.0,1314.5
11.0,1315.0
12.0,1316.5
13.0,1315.75
14.0,1316.25
15.0,1313.75
16.0,1312.25
17.0,1308.0
10.0,1313.0
11.0,1315.5
12.0,1313.5
13.0,1316.5
14.0,1318.0
15.0,1315.75
16.0,1314.25
17.0,1307.25
10.0,1309.0
11.0,1310.0
12.0,1311.75
13.0,1315.25
14.0,1313.75
15.0,1314.75
16.0,1320.5
17.0,1321.75
10.0,1327.5
11.0,1330.75
12.0,1330.25
13.0,1329.5
14.0,1327.5
15.0,1328.0
16.0,1327.5
17.0,1328.75
10.0,1327.25
11.0,1329.75
12.0,1330.75
13.0,1331.0
14.0,1331.25
15.0,1330.5
16.0,1330.5
17.0,1324.0
10.0,1326.5
11.0,1329.0
12.0,1329.5
13.0,1330.5
14.0,1329.25
15.0,1329.75
16.0,1329.75
17.0,1329.25
10.0,1328.0
11.0,1330.5
12.0,1329.75
13.0,1329.75
14.0,1328.0
15.0,1324.0
16.0,1323.25
17.0,1327.25
10.0,1327.5
11.0,1325.75
12.0,1322.5
13.0,1320.25
14.0,1318.5
15.0,1317.25
16.0,1321.0
17.0,1316.75
10.0,1293.0
11.0,1291.75
12.0,1294.25
13.0,1296.25
14.0,1297.0
15.0,1299.25
16.0,1301.75
17.0,1303.75
10.0,1308.0
11.0,1307.5
12.0,1307.5
13.0,1312.0
14.0,1310.75
15.0,1309.25
16.0,1303.75
17.0,1304.0
10.0,1302.75
11.0,1305.25
12.0,1303.5
13.0,1301.75
14.0,1302.5
15.0,1301.25
16.0,1298.5
17.0,1299.5
10.0,1293.75
11.0,1295.5
12.0,1297.25
13.0,1298.5
14.0,1297.5
15.0,1296.5
16.0,1293.25
17.0,1302.75
10.0,1297.75
11.0,1296.25
12.0,1300.0
13.0,1295.25
14.0,1296.0
15.0,1299.75
16.0,1297.75
17.0,1296.25
10.0,1307.25
11.0,1308.75
12.0,1308.75
13.0,1308.5
14.0,1309.5
15.0,1307.75
16.0,1309.0
17.0,1307.75
10.0,1310.5
11.0,1310.0
12.0,1310.25
13.0,1311.75
14.0,1310.75
15.0,1312.75
16.0,1313.25
17.0,1310.25
10.0,1322.5
11.0,1322.0
12.0,1323.0
13.0,1323.75
14.0,1321.25
15.0,1314.5
16.0,1316.75
17.0,1311.5
10.0,1324.75
11.0,1325.75
12.0,1332.0
13.0,1331.75
14.0,1333.5
15.0,1336.0
16.0,1335.75
17.0,1335.75
10.0,1327.75
11.0,1323.75
12.0,1324.75
13.0,1325.0
14.0,1323.0
15.0,1324.0
16.0,1325.0
17.0,1325.75
10.0,1308.5
11.0,1308.5
12.0,1307.75
13.0,1308.0
14.0,1308.75
15.0,1307.0
16.0,1307.25
17.0,1310.0
10.0,1307.5
11.0,1304.5
12.0,1295.25
13.0,1299.5
14.0,1298.25
15.0,1297.75
16.0,1304.75
17.0,1303.5
10.0,1323.5
11.0,1320.75
12.0,1317.5
13.0,1318.0
14.0,1318.25
15.0,1315.0
16.0,1318.5
17.0,1314.75
10.0,1328.75
11.0,1328.0
12.0,1327.5
13.0,1326.0
14.0,1328.0
15.0,1326.5
16.0,1332.0
17.0,1326.5
10.0,1306.0
11.0,1312.75
12.0,1317.75
13.0,1318.0
14.0,1317.0
15.0,1317.75
16.0,1318.75
17.0,1321.0
10.0,1336.75
11.0,1336.5
12.0,1336.0
13.0,1335.75
14.0,1336.5
15.0,1333.25
16.0,1329.5
17.0,1333.25
10.0,1339.25
11.0,1340.0
12.0,1341.0
13.0,1341.5
14.0,1341.75
15.0,1341.5
16.0,1343.5
17.0,1346.0
10.0,1340.25
11.0,1340.25
12.0,1338.5
13.0,1338.0
14.0,1341.5
15.0,1340.75
16.0,1342.0
17.0,1344.75
10.0,1348.75
11.0,1350.0
12.0,1344.5
13.0,1345.75
14.0,1347.25
15.0,1349.75
16.0,1349.5
17.0,1348.75
10.0,1338.75
11.0,1341.25
12.0,1340.5
13.0,1337.5
14.0,1338.5
15.0,1341.0
16.0,1337.5
17.0,1340.75
10.0,1343.5
11.0,1342.0
12.0,1346.0
13.0,1348.25
14.0,1350.5
15.0,1351.25
16.0,1354.75
17.0,1356.5
10.0,1355.75
11.0,1352.5
12.0,1353.75
13.0,1356.0
14.0,1356.0
15.0,1356.25
16.0,1352.25
17.0,1346.5
10.0,1341.0
11.0,1341.25
12.0,1341.0
13.0,1343.5
14.0,1343.5
15.0,1342.0
16.0,1341.0
17.0,1335.5
10.0,1322.75
11.0,1327.75
12.0,1322.75
13.0,1322.25
14.0,1322.75
15.0,1316.75
16.0,1314.75
17.0,1317.25
10.0,1330.75
11.0,1334.75
12.0,1335.25
13.0,1338.0
14.0,1336.25
15.0,1336.75
16.0,1338.0
17.0,1336.75
10.0,1335.75
11.0,1332.25
12.0,1329.75
13.0,1330.5
14.0,1331.0
15.0,1329.5
16.0,1331.25
17.0,1332.75
10.0,1346.0
11.0,1347.0
12.0,1346.5
13.0,1346.5
14.0,1348.5
15.0,1348.5
16.0,1348.25
17.0,1349.75
10.0,1347.25
11.0,1346.75
12.0,1344.0
13.0,1342.75
14.0,1340.25
15.0,1342.75
16.0,1343.25
17.0,1347.75
10.0,1342.25
11.0,1343.5
12.0,1345.0
13.0,1352.0
14.0,1353.25
15.0,1352.0
16.0,1356.0
17.0,1355.0
10.0,1354.75
11.0,1352.0
12.0,1354.0
13.0,1353.5
14.0,1353.0
15.0,1352.0
16.0,1351.25
17.0,1357.0
10.0,1367.25
11.0,1364.0
12.0,1363.0
13.0,1358.5
14.0,1360.0
15.0,1357.0
16.0,1356.0
17.0,1351.0
10.0,1353.25
11.0,1353.75
12.0,1349.75
13.0,1351.0
14.0,1349.25
15.0,1350.75
16.0,1351.0
17.0,1346.75
10.0,1349.75
11.0,1342.5
12.0,1338.0
13.0,1338.0
14.0,1340.0
15.0,1339.5
16.0,1339.5
17.0,1345.5
10.0,1349.0
11.0,1343.25
12.0,1343.5
13.0,1344.5
14.0,1346.75
15.0,1349.0
16.0,1349.25
17.0,1345.75
10.0,1348.25
11.0,1348.0
12.0,1351.5
13.0,1353.0
14.0,1353.5
15.0,1355.5
16.0,1350.5
17.0,1355.5
10.0,1348.75
11.0,1352.0
12.0,1349.25
13.0,1348.75
14.0,1349.75
15.0,1347.75
16.0,1340.75
17.0,1343.25
10.0,1341.5
11.0,1341.5
12.0,1343.75
13.0,1341.0
14.0,1342.0
15.0,1338.25
16.0,1335.0
17.0,1330.75
10.0,1319.0
11.0,1319.75
12.0,1319.5
13.0,1324.0
14.0,1322.0
15.0,1322.0
16.0,1315.25
17.0,1313.25
10.0,1320.75
11.0,1320.5
12.0,1321.75
13.0,1324.5
14.0,1324.75
15.0,1322.5
16.0,1318.75
17.0,1318.75
10.0,1320.75
11.0,1320.75
12.0,1318.5
13.0,1321.0
14.0,1321.0
15.0,1322.75
16.0,1325.5
17.0,1328.5
10.0,1331.75
11.0,1331.5
12.0,1325.75
13.0,1324.5
14.0,1326.0
15.0,1325.0
16.0,1327.25
17.0,1331.25
10.0,1316.5
11.0,1327.5
12.0,1328.25
13.0,1323.0
14.0,1332.25
15.0,1329.5
16.0,1354.25
17.0,1346.5
10.0,1371.75
11.0,1370.75
12.0,1368.0
13.0,1370.5
14.0,1365.75
15.0,1364.0
16.0,1364.75
17.0,1352.0
10.0,1361.0
11.0,1358.75
12.0,1354.75
13.0,1356.0
14.0,1359.25
15.0,1355.75
16.0,1355.0
17.0,1346.75
10.0,1358.25
11.0,1354.75
12.0,1346.5
13.0,1342.0
14.0,1339.75
15.0,1338.25
16.0,1338.75
17.0,1338.0
10.0,1343.75
11.0,1346.25
12.0,1348.5
13.0,1348.25
14.0,1348.5
15.0,1351.0
16.0,1353.25
17.0,1357.75
10.0,1362.0
11.0,1361.0
12.0,1364.5
13.0,1359.0
14.0,1356.25
15.0,1350.75
16.0,1351.25
17.0,1351.5
10.0,1359.25
11.0,1359.25
12.0,1360.25
13.0,1357.25
14.0,1360.25
15.0,1360.25
16.0,1364.75
17.0,1364.25
10.0,1367.0
11.0,1368.5
12.0,1367.75
13.0,1367.75
14.0,1372.25
15.0,1373.0
16.0,1371.75
17.0,1371.75
10.0,1370.75
11.0,1368.0
12.0,1374.0
13.0,1376.0
14.0,1375.25
15.0,1375.0
16.0,1377.0
17.0,1374.5
10.0,1380.5
11.0,1375.75
12.0,1382.0
13.0,1383.25
14.0,1382.25
15.0,1381.75
16.0,1383.75
17.0,1382.5
10.0,1381.75
11.0,1379.5
12.0,1378.5
13.0,1377.75
14.0,1379.25
15.0,1377.0
16.0,1374.0
17.0,1381.0
10.0,1378.0
11.0,1379.25
12.0,1376.0
13.0,1375.0
14.0,1375.75
15.0,1377.0
16.0,1377.25
17.0,1379.75
10.0,1374.5
11.0,1379.0
12.0,1378.25
13.0,1379.75
14.0,1380.75
15.0,1381.75
16.0,1382.0
17.0,1386.0
10.0,1374.0
11.0,1378.75
12.0,1377.75
13.0,1377.25
14.0,1379.75
15.0,1375.5
16.0,1370.75
17.0,1366.25
10.0,1372.0
11.0,1373.0
12.0,1366.75
13.0,1365.5
14.0,1365.5
15.0,1364.5
16.0,1361.5
17.0,1364.5
10.0,1372.5
11.0,1373.0
12.0,1370.25
13.0,1373.75
14.0,1373.5
15.0,1377.75
16.0,1377.0
17.0,1375.25
10.0,1373.75
11.0,1370.5
12.0,1372.5
13.0,1374.25
14.0,1374.5
15.0,1376.0
16.0,1374.75
17.0,1373.75
10.0,1360.75
11.0,1361.25
12.0,1359.75
13.0,1360.0
14.0,1361.5
15.0,1361.5
16.0,1366.75
17.0,1366.5
10.0,1386.0
11.0,1382.5
12.0,1381.0
13.0,1379.75
14.0,1378.75
15.0,1377.5
16.0,1379.75
17.0,1379.75
10.0,1379.5
11.0,1379.75
12.0,1379.25
13.0,1380.25
14.0,1379.5
15.0,1381.25
16.0,1380.25
17.0,1383.75
10.0,1397.5
11.0,1396.0
12.0,1395.0
13.0,1393.25
14.0,1392.75
15.0,1390.0
16.0,1394.5
17.0,1398.75
10.0,1402.0
11.0,1402.0
12.0,1403.5
13.0,1405.0
14.0,1406.75
15.0,1409.25
16.0,1409.0
17.0,1413.25
10.0,1414.0
11.0,1414.75
12.0,1418.75
13.0,1424.5
14.0,1425.0
15.0,1426.25
16.0,1430.25
17.0,1434.25
10.0,1429.75
11.0,1428.75
12.0,1427.75
13.0,1431.0
14.0,1433.0
15.0,1431.5
16.0,1437.75
17.0,1437.0
10.0,1436.75
11.0,1437.25
12.0,1436.75
13.0,1435.75
14.0,1438.75
15.0,1438.75
16.0,1442.5
17.0,1444.25
10.0,1444.25
11.0,1444.25
12.0,1443.0
13.0,1441.75
14.0,1442.25
15.0,1442.25
16.0,1443.5
17.0,1438.25
10.0,1435.0
11.0,1430.5
12.0,1436.75
13.0,1437.75
14.0,1434.75
15.0,1435.5
16.0,1440.0
17.0,1444.0
10.0,1447.75
11.0,1443.0
12.0,1444.5
13.0,1446.5
14.0,1444.0
15.0,1445.25
16.0,1448.5
17.0,1450.25
10.0,1443.5
11.0,1443.25
12.0,1448.5
13.0,1446.5
14.0,1444.25
15.0,1444.25
16.0,1444.25
17.0,1441.75
10.0,1442.75
11.0,1436.75
12.0,1435.25
13.0,1435.0
14.0,1437.0
15.0,1435.0
16.0,1437.0
17.0,1435.75
10.0,1429.5
11.0,1425.0
12.0,1424.0
13.0,1421.5
14.0,1422.0
15.0,1424.0
16.0,1424.5
17.0,1424.75
10.0,1417.75
11.0,1416.0
12.0,1417.75
13.0,1418.0
14.0,1419.5
15.0,1419.5
16.0,1415.75
17.0,1414.25
10.0,1424.5
11.0,1425.0
12.0,1422.25
13.0,1423.25
14.0,1423.0
15.0,1422.75
16.0,1422.5
17.0,1421.75
10.0,1428.5
11.0,1429.25
12.0,1427.5
13.0,1428.75
14.0,1430.5
15.0,1430.0
16.0,1433.25
17.0,1431.5
10.0,1426.75
11.0,1426.25
12.0,1426.75
13.0,1427.75
14.0,1429.25
15.0,1429.5
16.0,1424.5
17.0,1425.5
10.0,1417.75
11.0,1418.75
12.0,1419.0
13.0,1418.25
14.0,1418.75
15.0,1419.0
16.0,1418.5
17.0,1416.0
10.0,1415.25
11.0,1414.25
12.0,1414.25
13.0,1413.5
14.0,1416.5
15.0,1417.5
16.0,1409.25
17.0,1414.5
10.0,1420.0
11.0,1423.25
12.0,1425.75
13.0,1426.0
14.0,1426.0
15.0,1427.25
16.0,1427.0
17.0,1424.5
10.0,1430.0
11.0,1425.75
12.0,1426.25
13.0,1429.25
14.0,1430.5
15.0,1431.0
16.0,1432.75
17.0,1433.75
10.0,1434.5
11.0,1432.5
12.0,1427.0
13.0,1426.25
14.0,1425.75
15.0,1427.25
16.0,1425.75
17.0,1426.25
10.0,1412.0
11.0,1410.5
12.0,1410.0
13.0,1404.0
14.0,1403.75
15.0,1402.5
16.0,1405.5
17.0,1406.25
10.0,1405.75
11.0,1409.5
12.0,1412.25
13.0,1410.75
14.0,1409.25
15.0,1408.0
16.0,1405.75
17.0,1406.75
10.0,1399.25
11.0,1404.75
12.0,1407.25
13.0,1406.0
14.0,1405.75
15.0,1406.5
16.0,1414.75
17.0,1411.5
10.0,1400.5
11.0,1407.0
12.0,1409.25
13.0,1410.75
14.0,1409.5
15.0,1406.5
16.0,1404.0
17.0,1400.5
10.0,1407.75
11.0,1406.75
12.0,1409.5
13.0,1411.25
14.0,1415.5
15.0,1415.0
16.0,1416.75
17.0,1418.0
10.0,1411.0
11.0,1412.25
12.0,1412.75
13.0,1410.25
14.0,1411.0
15.0,1410.5
16.0,1410.25
17.0,1411.0
10.0,1400.75
11.0,1402.25
12.0,1399.0
13.0,1400.25
14.0,1410.5
15.0,1410.75
16.0,1408.0
17.0,1406.75
10.0,1403.5
11.0,1405.0
12.0,1406.75
13.0,1403.25
14.0,1406.0
15.0,1407.75
16.0,1411.75
17.0,1410.5
10.0,1408.75
11.0,1407.0
12.0,1409.5
13.0,1411.75
14.0,1410.5
15.0,1414.5
16.0,1418.5
17.0,1411.5
10.0,1415.25
11.0,1415.0
12.0,1418.75
13.0,1414.5
14.0,1418.5
15.0,1422.5
16.0,1424.5
17.0,1422.25
10.0,1410.5
11.0,1414.75
12.0,1412.75
13.0,1411.0
14.0,1411.25
15.0,1410.0
16.0,1409.5
17.0,1402.0
10.0,1409.75
11.0,1416.25
12.0,1419.25
13.0,1418.25
14.0,1416.5
15.0,1418.5
16.0,1420.25
17.0,1416.25
10.0,1439.5
11.0,1440.0
12.0,1440.75
13.0,1440.25
14.0,1441.0
15.0,1441.0
16.0,1441.5
17.0,1442.75
10.0,1454.0
11.0,1458.5
12.0,1460.25
13.0,1459.25
14.0,1456.25
15.0,1455.25
16.0,1454.5
17.0,1449.75
10.0,1445.0
11.0,1441.25
12.0,1444.0
13.0,1436.75
14.0,1436.5
15.0,1437.5
16.0,1438.5
17.0,1436.25
10.0,1427.5
11.0,1428.75
12.0,1429.5
13.0,1428.75
14.0,1429.5
15.0,1431.0
16.0,1428.0
17.0,1426.25
10.0,1441.25
11.0,1442.0
12.0,1442.75
13.0,1441.5
14.0,1443.0
15.0,1445.5
16.0,1441.25
17.0,1435.5
10.0,1443.25
11.0,1446.5
12.0,1447.5
13.0,1448.75
14.0,1449.75
15.0,1450.5
16.0,1449.75
17.0,1444.25
10.0,1445.0
11.0,1447.0
12.0,1449.25
13.0,1449.5
14.0,1449.5
15.0,1448.75
16.0,1451.25
17.0,1450.75
10.0,1454.25
11.0,1454.5
12.0,1454.75
13.0,1454.25
14.0,1455.0
15.0,1456.5
16.0,1454.5
17.0,1454.5
10.0,1449.0
11.0,1454.5
12.0,1453.5
13.0,1451.5
14.0,1449.25
15.0,1447.0
16.0,1450.0
17.0,1446.0
10.0,1451.5
11.0,1453.5
12.0,1456.5
13.0,1457.75
14.0,1456.75
15.0,1455.75
16.0,1456.0
17.0,1452.5
10.0,1441.75
11.0,1449.0
12.0,1447.25
13.0,1446.0
14.0,1446.0
15.0,1443.5
16.0,1440.5
17.0,1446.0
10.0,1449.5
11.0,1444.75
12.0,1446.75
13.0,1450.5
14.0,1449.5
15.0,1447.25
16.0,1451.0
17.0,1453.25
10.0,1462.25
11.0,1460.0
12.0,1457.0
13.0,1456.0
14.0,1457.0
15.0,1458.0
16.0,1459.75
17.0,1460.5
10.0,1463.5
11.0,1465.5
12.0,1464.75
13.0,1467.0
14.0,1469.0
15.0,1468.5
16.0,1469.5
17.0,1470.25
10.0,1468.0
11.0,1468.5
12.0,1470.25
13.0,1469.5
14.0,1467.75
15.0,1467.5
16.0,1471.25
17.0,1470.25
10.0,1476.0
11.0,1472.75
12.0,1467.75
13.0,1469.75
14.0,1470.5
15.0,1468.5
16.0,1473.25
17.0,1474.5
10.0,1472.75
11.0,1474.0
12.0,1473.25
13.0,1474.75
14.0,1474.5
15.0,1477.5
16.0,1477.5
17.0,1477.5
10.0,1473.0
11.0,1471.25
12.0,1470.25
13.0,1472.75
14.0,1470.25
15.0,1469.25
16.0,1468.0
17.0,1472.25
10.0,1477.25
11.0,1480.75
12.0,1479.25
13.0,1479.0
14.0,1479.25
15.0,1479.5
16.0,1478.5
17.0,1479.0
10.0,1475.5
11.0,1483.0
12.0,1484.25
13.0,1485.25
14.0,1484.25
15.0,1485.0
16.0,1489.25
17.0,1493.25
10.0,1489.25
11.0,1486.75
12.0,1483.0
13.0,1483.5
14.0,1483.75
15.0,1482.25
16.0,1480.0
17.0,1481.75
10.0,1484.25
11.0,1490.5
12.0,1489.25
13.0,1489.75
14.0,1489.5
15.0,1489.75
16.0,1493.25
17.0,1491.75
10.0,1485.25
11.0,1482.0
12.0,1478.0
13.0,1468.25
14.0,1468.75
15.0,1464.75
16.0,1472.0
17.0,1468.5
10.0,1469.0
11.0,1468.0
12.0,1466.25
13.0,1468.0
14.0,1466.25
15.0,1463.0
16.0,1465.25
17.0,1467.5
10.0,1467.0
11.0,1465.25
12.0,1464.75
13.0,1467.5
14.0,1465.0
15.0,1467.5
16.0,1468.5
17.0,1473.0
10.0,1488.75
11.0,1487.75
12.0,1488.5
13.0,1488.0
14.0,1488.75
15.0,1491.25
16.0,1493.5
17.0,1492.25
10.0,1489.25
11.0,1488.25
12.0,1488.25
13.0,1486.5
14.0,1485.5
15.0,1484.75
16.0,1483.75
17.0,1480.5
10.0,1478.0
11.0,1477.5
12.0,1485.25
13.0,1484.25
14.0,1482.75
15.0,1481.75
16.0,1481.5
17.0,1481.25
10.0,1472.25
11.0,1476.5
12.0,1476.5
13.0,1477.0
14.0,1477.25
15.0,1476.75
16.0,1477.25
17.0,1475.75
10.0,1472.25
11.0,1476.0
12.0,1475.75
13.0,1477.0
14.0,1477.25
15.0,1476.5
16.0,1475.75
17.0,1477.25
10.0,1478.75
11.0,1483.25
12.0,1482.0
13.0,1477.25
14.0,1477.5
15.0,1479.75
16.0,1477.75
17.0,1479.0
10.0,1481.0
11.0,1482.75
12.0,1480.0
13.0,1478.25
14.0,1475.0
15.0,1479.5
16.0,1482.75
17.0,1483.75
10.0,1494.0
11.0,1493.25
12.0,1494.0
13.0,1493.75
14.0,1493.75
15.0,1493.5
16.0,1489.0
17.0,1487.5
10.0,1491.0
11.0,1489.75
12.0,1490.25
13.0,1492.5
14.0,1493.0
15.0,1496.25
16.0,1497.25
17.0,1495.75
10.0,1488.75
11.0,1490.75
12.0,1487.0
13.0,1481.0
14.0,1482.75
15.0,1482.5
16.0,1485.75
17.0,1487.25
10.0,1488.5
11.0,1488.0
12.0,1486.25
13.0,1487.0
14.0,1488.0
15.0,1487.0
16.0,1490.5
17.0,1489.5
10.0,1500.0
11.0,1502.0
12.0,1502.25
13.0,1500.75
14.0,1499.0
15.0,1496.25
16.0,1489.5
17.0,1489.0
10.0,1494.0
11.0,1496.5
12.0,1496.0
13.0,1494.75
14.0,1495.5
15.0,1495.5
16.0,1491.5
17.0,1494.0
10.0,1497.0
11.0,1492.25
12.0,1495.75
13.0,1495.75
14.0,1494.25
15.0,1494.5
16.0,1496.5
17.0,1494.75
10.0,1484.0
11.0,1489.0
12.0,1490.5
13.0,1494.0
14.0,1493.5
15.0,1497.0
16.0,1487.25
17.0,1481.25
10.0,1462.0
11.0,1467.5
12.0,1472.75
13.0,1469.25
14.0,1470.0
15.0,1468.5
16.0,1467.5
17.0,1472.25
10.0,1473.25
11.0,1477.5
12.0,1482.0
13.0,1480.5
14.0,1478.0
15.0,1478.5
16.0,1486.0
17.0,1490.25
10.0,1487.0
11.0,1485.75
12.0,1483.5
13.0,1486.0
14.0,1486.75
15.0,1490.25
16.0,1490.25
17.0,1491.0
10.0,1467.5
11.0,1468.25
12.0,1470.25
13.0,1475.75
14.0,1474.0
15.0,1472.25
16.0,1475.0
17.0,1484.25
10.0,1481.25
11.0,1482.75
12.0,1484.0
13.0,1483.75
14.0,1483.0
15.0,1480.75
16.0,1480.0
17.0,1487.25
10.0,1501.75
11.0,1499.75
12.0,1496.0
13.0,1494.5
14.0,1494.75
15.0,1496.5
16.0,1497.5
17.0,1498.25
10.0,1500.25
11.0,1496.5
12.0,1495.25
13.0,1496.25
14.0,1495.25
15.0,1497.0
16.0,1500.0
17.0,1503.5
10.0,1500.0
11.0,1498.25
12.0,1500.75
13.0,1501.75
14.0,1505.0
15.0,1507.0
16.0,1508.0
17.0,1516.0
10.0,1513.75
11.0,1513.75
12.0,1513.75
13.0,1511.25
14.0,1510.0
15.0,1510.75
16.0,1508.25
17.0,1502.75
10.0,1503.5
11.0,1499.25
12.0,1498.75
13.0,1498.0
14.0,1493.0
15.0,1491.5
16.0,1493.75
17.0,1494.25
10.0,1492.0
11.0,1492.5
12.0,1493.75
13.0,1492.75
14.0,1492.75
15.0,1494.0
16.0,1495.75
17.0,1491.25
10.0,1482.75
11.0,1489.25
12.0,1490.0
13.0,1493.0
14.0,1494.0
15.0,1495.0
16.0,1493.0
17.0,1495.5
10.0,1492.5
11.0,1490.5
12.0,1493.0
13.0,1493.0
14.0,1492.25
15.0,1490.5
16.0,1492.25
17.0,1496.25
10.0,1502.0
11.0,1501.75
12.0,1500.0
13.0,1502.25
14.0,1503.5
15.0,1502.25
16.0,1498.75
17.0,1503.25
10.0,1504.25
11.0,1504.25
12.0,1505.0
13.0,1508.0
14.0,1506.75
15.0,1508.25
16.0,1507.0
17.0,1500.5
10.0,1515.75
11.0,1514.5
12.0,1515.75
13.0,1512.5
14.0,1510.75
15.0,1510.25
16.0,1510.0
17.0,1507.25
10.0,1494.75
11.0,1496.5
12.0,1490.5
13.0,1490.75
14.0,1489.75
15.0,1488.0
16.0,1491.25
17.0,1487.75
10.0,1495.0
11.0,1493.75
12.0,1496.75
13.0,1497.0
14.0,1497.0
15.0,1499.0
16.0,1504.25
17.0,1498.75
10.0,1500.0
11.0,1502.25
12.0,1501.75
13.0,1498.75
14.0,1498.0
15.0,1498.25
16.0,1500.0
17.0,1503.25
10.0,1506.75
11.0,1504.5
12.0,1504.75
13.0,1508.0
14.0,1509.75
15.0,1511.0
16.0,1509.5
17.0,1509.0
10.0,1529.75
11.0,1533.75
12.0,1532.0
13.0,1532.0
14.0,1540.0
15.0,1539.0
16.0,1541.0
17.0,1540.5
10.0,1541.5
11.0,1545.75
12.0,1546.0
13.0,1548.5
14.0,1552.0
15.0,1553.0
16.0,1553.25
17.0,1551.5
10.0,1547.25
11.0,1550.75
12.0,1553.0
13.0,1545.75
14.0,1548.0
15.0,1548.25
16.0,1549.5
17.0,1552.75
10.0,1553.0
11.0,1555.0
12.0,1554.75
13.0,1555.75
14.0,1553.25
15.0,1552.75
16.0,1554.25
17.0,1554.0
10.0,1555.75
11.0,1559.0
12.0,1563.0
13.0,1563.75
14.0,1562.25
15.0,1563.0
16.0,1564.0
17.0,1564.75
10.0,1570.75
11.0,1570.25
12.0,1571.0
13.0,1569.25
14.0,1570.25
15.0,1572.5
16.0,1570.25
17.0,1573.25
10.0,1569.5
11.0,1567.5
12.0,1566.5
13.0,1568.0
14.0,1566.5
15.0,1568.0
16.0,1569.25
17.0,1568.5
10.0,1578.5
11.0,1579.75
12.0,1580.75
13.0,1580.25
14.0,1579.0
15.0,1577.0
16.0,1576.25
17.0,1575.5
10.0,1576.75
11.0,1578.0
12.0,1578.5
13.0,1579.0
14.0,1578.75
15.0,1580.75
16.0,1580.5
17.0,1583.0
10.0,1575.0
11.0,1574.5
12.0,1572.75
13.0,1576.25
14.0,1575.25
15.0,1575.0
16.0,1577.25
17.0,1580.0
10.0,1590.75
11.0,1593.75
12.0,1596.0
13.0,1593.0
14.0,1594.5
15.0,1595.0
16.0,1595.5
17.0,1595.0
10.0,1586.0
11.0,1586.0
12.0,1588.25
13.0,1588.0
14.0,1589.0
15.0,1591.25
16.0,1589.5
17.0,1588.75
10.0,1588.75
11.0,1591.5
12.0,1593.0
13.0,1593.0
14.0,1589.5
15.0,1591.25
16.0,1585.75
17.0,1590.0
10.0,1589.5
11.0,1589.5
12.0,1589.5
13.0,1589.25
14.0,1589.5
15.0,1589.0
16.0,1588.75
17.0,1589.5
10.0,1596.5
11.0,1594.25
12.0,1593.5
13.0,1595.0
14.0,1595.5
15.0,1593.0
16.0,1595.25
17.0,1593.75
10.0,1596.25
11.0,1598.75
12.0,1597.0
13.0,1597.25
14.0,1599.25
15.0,1598.25
16.0,1603.0
17.0,1597.0
10.0,1592.75
11.0,1591.75
12.0,1589.5
13.0,1591.0
14.0,1591.25
15.0,1586.75
16.0,1580.25
17.0,1572.25
10.0,1567.25
11.0,1565.5
12.0,1552.0
13.0,1553.0
14.0,1555.25
15.0,1555.0
16.0,1558.0
17.0,1563.75
10.0,1568.5
11.0,1570.5
12.0,1572.75
13.0,1570.5
14.0,1572.75
15.0,1573.25
16.0,1573.25
17.0,1575.5
10.0,1576.0
11.0,1579.25
12.0,1576.75
13.0,1576.5
14.0,1577.75
15.0,1575.25
16.0,1575.25
17.0,1574.75
10.0,1582.75
11.0,1583.5
12.0,1582.25
13.0,1584.5
14.0,1584.5
15.0,1583.75
16.0,1583.75
17.0,1585.0
10.0,1581.25
11.0,1576.75
12.0,1577.5
13.0,1574.75
14.0,1574.75
15.0,1580.0
16.0,1583.0
17.0,1581.5
10.0,1580.75
11.0,1580.0
12.0,1579.0
13.0,1578.0
14.0,1577.75
15.0,1577.75
16.0,1579.25
17.0,1576.75
10.0,1580.25
11.0,1582.75
12.0,1583.5
13.0,1583.5
14.0,1581.75
15.0,1583.5
16.0,1585.75
17.0,1584.75
10.0,1584.75
11.0,1585.5
12.0,1589.0
13.0,1592.5
14.0,1595.5
15.0,1595.25
16.0,1590.0
17.0,1590.25
10.0,1589.25
11.0,1592.75
12.0,1591.25
13.0,1592.75
14.0,1589.25
15.0,1590.25
16.0,1588.5
17.0,1586.0
10.0,1599.5
11.0,1599.0
12.0,1599.75
13.0,1600.5
14.0,1599.25
15.0,1597.5
16.0,1593.25
17.0,1594.0
10.0,1590.0
11.0,1589.25
12.0,1588.75
13.0,1586.25
14.0,1586.0
15.0,1585.0
16.0,1586.75
17.0,1585.25
10.0,1585.0
11.0,1588.0
12.0,1591.0
13.0,1593.75
14.0,1592.25
15.0,1592.75
16.0,1592.5
17.0,1589.0
10.0,1590.5
11.0,1593.5
12.0,1595.0
13.0,1597.0
14.0,1594.25
15.0,1589.5
16.0,1588.75
17.0,1588.5
10.0,1595.25
11.0,1597.25
12.0,1598.25
13.0,1594.25
14.0,1597.25
15.0,1598.5
16.0,1599.0
17.0,1601.25
10.0,1592.5
11.0,1586.25
12.0,1583.25
13.0,1587.0
14.0,1585.0
15.0,1586.25
16.0,1585.25
17.0,1588.75
10.0,1592.5
11.0,1592.75
12.0,1594.5
13.0,1595.75
14.0,1594.25
15.0,1597.75
16.0,1600.0
17.0,1595.5
10.0,1601.0
11.0,1598.0
12.0,1600.25
13.0,1599.75
14.0,1598.5
15.0,1596.25
16.0,1593.25
17.0,1588.5
10.0,1571.5
11.0,1570.75
12.0,1570.5
13.0,1568.25
14.0,1565.75
15.0,1565.5
16.0,1570.75
17.0,1571.75
10.0,1582.25
11.0,1584.25
12.0,1583.75
13.0,1582.0
14.0,1582.25
15.0,1579.75
16.0,1580.75
17.0,1579.0
10.0,1597.5
11.0,1597.25
12.0,1594.0
13.0,1596.75
14.0,1596.5
15.0,1598.75
16.0,1599.75
17.0,1601.5
10.0,1602.5
11.0,1604.5
12.0,1604.25
13.0,1603.5
14.0,1604.0
15.0,1600.25
16.0,1599.5
17.0,1598.25
10.0,1581.75
11.0,1582.0
12.0,1581.75
13.0,1585.75
14.0,1584.75
15.0,1588.5
16.0,1589.75
17.0,1591.25
10.0,1585.75
11.0,1585.25
12.0,1589.0
13.0,1590.75
14.0,1590.25
15.0,1589.5
16.0,1588.25
17.0,1590.25
10.0,1598.25
11.0,1599.75
12.0,1597.75
13.0,1600.0
14.0,1598.5
15.0,1596.0
16.0,1599.0
17.0,1591.25
10.0,1583.25
11.0,1580.0
12.0,1586.25
13.0,1586.0
14.0,1584.0
15.0,1579.75
16.0,1578.0
17.0,1578.25
10.0,1565.5
11.0,1563.25
12.0,1566.75
13.0,1567.75
14.0,1568.0
15.0,1572.25
16.0,1571.75
17.0,1575.5
10.0,1581.25
11.0,1575.0
12.0,1575.25
13.0,1573.25
14.0,1577.75
15.0,1574.75
16.0,1565.5
17.0,1564.0
10.0,1563.5
11.0,1562.75
12.0,1562.5
13.0,1566.5
14.0,1566.5
15.0,1560.75
16.0,1558.5
17.0,1554.0
10.0,1561.5
11.0,1560.75
12.0,1562.5
13.0,1562.75
14.0,1563.25
15.0,1566.25
16.0,1568.25
17.0,1574.75
10.0,1571.0
11.0,1569.75
12.0,1573.25
13.0,1569.75
14.0,1569.75
15.0,1567.75
16.0,1570.75
17.0,1568.25
10.0,1571.75
11.0,1571.75
12.0,1571.5
13.0,1571.25
14.0,1572.75
15.0,1574.0
16.0,1574.75
17.0,1572.75
10.0,1567.5
11.0,1570.25
12.0,1563.5
13.0,1563.75
14.0,1557.0
15.0,1560.5
16.0,1557.75
17.0,1564.75
10.0,1563.5
11.0,1563.75
12.0,1563.0
13.0,1561.5
14.0,1563.75
15.0,1565.0
16.0,1564.75
17.0,1562.5
10.0,1571.5
11.0,1571.5
12.0,1571.25
13.0,1569.75
14.0,1567.75
15.0,1568.25
16.0,1571.25
17.0,1572.75
10.0,1570.0
11.0,1568.5
12.0,1568.75
13.0,1569.25
14.0,1569.25
15.0,1572.0
16.0,1573.0
17.0,1572.0
10.0,1582.0
11.0,1582.25
12.0,1586.0
13.0,1588.0
14.0,1587.5
15.0,1591.25
16.0,1595.5
17.0,1594.25
10.0,1593.25
11.0,1596.5
12.0,1594.5
13.0,1593.25
14.0,1591.25
15.0,1590.75
16.0,1591.75
17.0,1590.0
10.0,1595.75
11.0,1593.5
12.0,1591.0
13.0,1592.5
14.0,1594.0
15.0,1592.0
16.0,1593.75
17.0,1593.0
10.0,1597.75
11.0,1596.25
12.0,1579.0
13.0,1583.5
14.0,1585.0
15.0,1584.75
16.0,1585.0
17.0,1584.0
10.0,1565.25
11.0,1568.25
12.0,1569.5
13.0,1565.25
14.0,1562.75
15.0,1557.0
16.0,1554.25
17.0,1556.0
10.0,1551.25
11.0,1544.5
12.0,1543.0
13.0,1543.0
14.0,1549.75
15.0,1550.25
16.0,1556.5
17.0,1556.5
10.0,1558.0
11.0,1553.25
12.0,1549.0
13.0,1547.75
14.0,1548.75
15.0,1549.0
16.0,1549.5
17.0,1543.25
10.0,1541.5
11.0,1540.5
12.0,1536.0
13.0,1532.5
14.0,1532.5
15.0,1528.75
16.0,1522.5
17.0,1523.25
10.0,1522.0
11.0,1516.75
12.0,1516.75
13.0,1518.0
14.0,1518.25
15.0,1516.0
16.0,1520.0
17.0,1518.0
10.0,1519.0
11.0,1518.25
12.0,1517.5
13.0,1516.75
14.0,1520.0
15.0,1520.5
16.0,1517.25
17.0,1517.75
10.0,1520.25
11.0,1521.5
12.0,1520.5
13.0,1520.0
14.0,1520.0
15.0,1522.5
16.0,1522.0
17.0,1524.5
10.0,1526.25
11.0,1522.25
12.0,1522.0
13.0,1522.0
14.0,1519.5
15.0,1521.0
16.0,1517.25
17.0,1521.5
10.0,1504.5
11.0,1501.0
12.0,1500.0
13.0,1502.5
14.0,1505.25
15.0,1504.0
16.0,1504.0
17.0,1500.25
10.0,1507.25
11.0,1502.75
12.0,1502.75
13.0,1503.25
14.0,1502.75
15.0,1502.25
16.0,1501.0
17.0,1496.5
10.0,1505.75
11.0,1513.25
12.0,1511.75
13.0,1510.25
14.0,1511.25
15.0,1513.75
16.0,1511.75
17.0,1514.5
10.0,1510.5
11.0,1509.25
12.0,1508.25
13.0,1511.5
14.0,1511.25
15.0,1512.75
16.0,1512.0
17.0,1507.0
10.0,1503.0
11.0,1507.25
12.0,1511.5
13.0,1511.25
14.0,1510.0
15.0,1513.75
16.0,1509.5
17.0,1507.75
10.0,1505.25
11.0,1508.75
12.0,1511.25
13.0,1510.0
14.0,1511.5
15.0,1519.5
16.0,1519.75
17.0,1521.5
10.0,1523.75
11.0,1522.75
12.0,1518.75
13.0,1517.5
14.0,1517.0
15.0,1519.25
16.0,1520.75
17.0,1521.5
10.0,1525.5
11.0,1526.75
12.0,1525.5
13.0,1526.25
14.0,1523.5
15.0,1521.25
16.0,1524.5
17.0,1529.5
10.0,1515.75
11.0,1514.25
12.0,1512.5
13.0,1515.25
14.0,1513.0
15.0,1511.25
16.0,1518.0
17.0,1519.5
10.0,1513.75
11.0,1509.5
12.0,1509.25
13.0,1511.75
14.0,1512.5
15.0,1511.0
16.0,1508.5
17.0,1505.25
10.0,1491.5
11.0,1487.0
12.0,1488.25
13.0,1488.0
14.0,1487.5
15.0,1489.0
16.0,1488.5
17.0,1490.5
10.0,1502.0
11.0,1500.0
12.0,1499.5
13.0,1500.0
14.0,1497.75
15.0,1499.5
16.0,1498.5
17.0,1503.0
10.0,1494.75
11.0,1493.0
12.0,1493.75
13.0,1495.0
14.0,1496.5
15.0,1499.5
16.0,1495.25
17.0,1491.75
10.0,1498.75
11.0,1499.25
12.0,1498.75
13.0,1499.25
14.0,1499.25
15.0,1500.25
16.0,1503.25
17.0,1502.75
10.0,1496.25
11.0,1493.75
12.0,1494.5
13.0,1490.0
14.0,1491.0
15.0,1489.75
16.0,1490.75
17.0,1488.0
10.0,1473.75
11.0,1473.25
12.0,1475.25
13.0,1475.25
14.0,1475.0
15.0,1474.75
16.0,1472.75
17.0,1477.75
10.0,1472.25
11.0,1472.5
12.0,1471.75
13.0,1474.75
14.0,1475.25
15.0,1473.75
16.0,1468.0
17.0,1469.0
10.0,1480.0
11.0,1480.25
12.0,1480.75
13.0,1479.75
14.0,1480.5
15.0,1483.5
16.0,1485.5
17.0,1490.25
10.0,1490.0
11.0,1491.25
12.0,1490.75
13.0,1492.25
14.0,1491.0
15.0,1490.75
16.0,1490.75
17.0,1488.25
10.0,1486.75
11.0,1489.0
12.0,1487.75
13.0,1486.5
14.0,1487.25
15.0,1489.75
16.0,1486.5
17.0,1488.75
10.0,1492.0
11.0,1494.5
12.0,1497.0
13.0,1496.5
14.0,1493.75
15.0,1496.75
16.0,1498.25
17.0,1489.0
10.0,1483.25
11.0,1485.25
12.0,1485.5
13.0,1485.25
14.0,1486.25
15.0,1487.75
16.0,1486.5
17.0,1485.25
10.0,1467.75
11.0,1467.25
12.0,1468.25
13.0,1469.5
14.0,1469.0
15.0,1467.25
16.0,1469.0
17.0,1470.75
10.0,1476.0
11.0,1475.5
12.0,1475.25
13.0,1476.5
14.0,1478.25
15.0,1478.5
16.0,1480.75
17.0,1483.0
10.0,1487.75
11.0,1492.0
12.0,1493.0
13.0,1494.75
14.0,1496.0
15.0,1495.75
16.0,1496.75
17.0,1493.5
10.0,1506.75
11.0,1506.25
12.0,1504.75
13.0,1503.75
14.0,1504.5
15.0,1504.25
16.0,1504.5
17.0,1504.75
10.0,1498.25
11.0,1497.5
12.0,1497.75
13.0,1499.5
14.0,1499.5
15.0,1500.25
16.0,1499.5
17.0,1499.75
10.0,1499.75
11.0,1501.5
12.0,1498.25
13.0,1492.5
14.0,1495.25
15.0,1496.0
16.0,1498.75
17.0,1495.0
10.0,1492.5
11.0,1488.5
12.0,1485.0
13.0,1484.25
14.0,1487.25
15.0,1490.0
16.0,1490.0
17.0,1491.5
10.0,1490.5
11.0,1490.75
12.0,1495.0
13.0,1496.25
14.0,1496.0
15.0,1494.0
16.0,1498.0
17.0,1500.0
10.0,1498.0
11.0,1495.75
12.0,1495.5
13.0,1493.75
14.0,1496.0
15.0,1497.25
16.0,1498.75
17.0,1500.5
10.0,1513.0
11.0,1517.0
12.0,1519.0
13.0,1517.75
14.0,1519.0
15.0,1517.75
16.0,1520.75
17.0,1519.75
10.0,1522.5
11.0,1525.25
12.0,1526.5
13.0,1528.25
14.0,1528.75
15.0,1526.5
16.0,1525.25
17.0,1526.75
10.0,1525.5
11.0,1526.25
12.0,1527.5
13.0,1526.5
14.0,1526.5
15.0,1526.25
16.0,1527.5
17.0,1528.25
10.0,1531.75
11.0,1531.75
12.0,1533.75
13.0,1531.0
14.0,1532.0
15.0,1532.0
16.0,1534.0
17.0,1535.0
10.0,1535.5
11.0,1536.75
12.0,1538.25
13.0,1534.0
14.0,1531.25
15.0,1527.75
16.0,1528.5
17.0,1527.5
10.0,1530.5
11.0,1530.25
12.0,1530.75
13.0,1529.0
14.0,1528.75
15.0,1527.5
16.0,1529.0
17.0,1529.75
10.0,1532.75
11.0,1532.0
12.0,1532.75
13.0,1532.75
14.0,1532.5
15.0,1531.25
16.0,1531.25
17.0,1531.5
10.0,1535.25
11.0,1535.25
12.0,1535.75
13.0,1536.75
14.0,1536.0
15.0,1535.5
16.0,1532.75
17.0,1533.25
10.0,1536.0
11.0,1539.25
12.0,1540.25
13.0,1542.25
14.0,1541.0
15.0,1542.75
16.0,1543.5
17.0,1543.75
10.0,1542.5
11.0,1541.5
12.0,1544.0
13.0,1547.0
14.0,1546.5
15.0,1545.0
16.0,1547.0
17.0,1547.5
10.0,1552.25
11.0,1553.75
12.0,1554.25
13.0,1554.25
14.0,1553.0
15.0,1552.75
16.0,1554.5
17.0,1551.25
10.0,1553.0
11.0,1553.25
12.0,1556.0
13.0,1557.0
14.0,1556.75
15.0,1557.0
16.0,1561.25
17.0,1561.5
10.0,1566.25
11.0,1568.0
12.0,1569.5
13.0,1570.5
14.0,1571.0
15.0,1572.25
16.0,1576.75
17.0,1573.75
10.0,1570.5
11.0,1574.25
12.0,1571.5
13.0,1570.5
14.0,1569.5
15.0,1571.75
16.0,1572.0
17.0,1574.0
10.0,1573.25
11.0,1575.0
12.0,1580.0
13.0,1580.5
14.0,1580.75
15.0,1580.25
16.0,1585.0
17.0,1585.75
10.0,1585.75
11.0,1587.75
12.0,1588.75
13.0,1588.5
14.0,1588.5
15.0,1587.25
16.0,1590.25
17.0,1590.75
10.0,1593.5
11.0,1594.75
12.0,1597.75
13.0,1597.75
14.0,1598.5
15.0,1599.75
16.0,1599.25
17.0,1598.5
10.0,1599.0
11.0,1598.5
12.0,1598.25
13.0,1597.5
14.0,1597.0
15.0,1597.75
16.0,1598.0
17.0,1598.25
10.0,1605.0
11.0,1605.25
12.0,1604.0
13.0,1603.75
14.0,1604.75
15.0,1603.0
16.0,1604.25
17.0,1602.75
10.0,1600.0
11.0,1598.25
12.0,1596.0
13.0,1596.75
14.0,1596.0
15.0,1594.0
16.0,1596.5
17.0,1595.0
10.0,1603.5
11.0,1599.0
12.0,1599.75
13.0,1600.25
14.0,1601.5
15.0,1600.25
16.0,1598.75
17.0,1599.25
10.0,1601.0
11.0,1598.75
12.0,1597.0
13.0,1596.75
14.0,1596.0
15.0,1597.25
16.0,1595.5
17.0,1593.75
10.0,1593.5
11.0,1593.75
12.0,1592.25
13.0,1593.25
14.0,1590.25
15.0,1590.5
16.0,1589.75
17.0,1591.25
10.0,1596.5
11.0,1597.0
12.0,1598.75
13.0,1595.0
14.0,1594.75
15.0,1594.75
16.0,1595.5
17.0,1594.5
10.0,1592.25
11.0,1590.5
12.0,1590.75
13.0,1592.0
14.0,1595.25
15.0,1592.25
16.0,1592.0
17.0,1594.25
10.0,1594.0
11.0,1590.0
12.0,1589.5
13.0,1589.5
14.0,1589.25
15.0,1589.75
16.0,1589.75
17.0,1589.5
10.0,1589.75
11.0,1588.75
12.0,1589.0
13.0,1588.5
14.0,1588.5
15.0,1590.25
16.0,1589.5
17.0,1588.75
10.0,1589.25
11.0,1590.0
12.0,1594.0
13.0,1596.25
14.0,1595.25
15.0,1596.0
16.0,1595.75
17.0,1595.25
10.0,1587.75
11.0,1592.5
12.0,1593.25
13.0,1592.25
14.0,1591.0
15.0,1592.25
16.0,1591.75
17.0,1596.25
10.0,1611.0
11.0,1612.25
12.0,1614.0
13.0,1617.25
14.0,1617.5
15.0,1620.75
16.0,1619.0
17.0,1616.25
10.0,1613.75
11.0,1617.25
12.0,1621.25
13.0,1621.0
14.0,1617.5
15.0,1619.75
16.0,1616.25
17.0,1614.5
10.0,1605.75
11.0,1605.5
12.0,1604.0
13.0,1604.0
14.0,1605.5
15.0,1601.25
16.0,1598.25
17.0,1603.75
10.0,1605.0
11.0,1606.5
12.0,1607.75
13.0,1608.25
14.0,1608.0
15.0,1608.25
16.0,1605.75
17.0,1602.25
10.0,1603.0
11.0,1602.0
12.0,1603.5
13.0,1605.75
14.0,1605.5
15.0,1606.5
16.0,1611.0
17.0,1610.0
10.0,1614.5
11.0,1618.0
12.0,1618.25
13.0,1618.5
14.0,1617.75
15.0,1618.0
16.0,1618.0
17.0,1617.75
10.0,1616.0
11.0,1617.0
12.0,1615.5
13.0,1617.0
14.0,1616.25
15.0,1617.25
16.0,1619.75
17.0,1618.25
10.0,1624.0
11.0,1627.5
12.0,1627.25
13.0,1627.5
14.0,1626.0
15.0,1625.25
16.0,1626.5
17.0,1627.25
10.0,1634.25
11.0,1635.25
12.0,1633.75
13.0,1633.0
14.0,1631.5
15.0,1631.0
16.0,1627.5
17.0,1627.75
10.0,1626.5
11.0,1625.25
12.0,1623.75
13.0,1624.0
14.0,1623.25
15.0,1624.25
16.0,1626.0
17.0,1625.75
10.0,1630.5
11.0,1630.25
12.0,1629.5
13.0,1629.0
14.0,1629.0
15.0,1628.0
16.0,1630.75
17.0,1630.75
10.0,1633.25
11.0,1635.25
12.0,1636.0
13.0,1636.25
14.0,1636.0
15.0,1633.5
16.0,1633.5
17.0,1626.25
10.0,1624.25
11.0,1619.75
12.0,1617.25
13.0,1618.25
14.0,1620.25
15.0,1620.25
16.0,1613.25
17.0,1615.75
10.0,1615.5
11.0,1616.25
12.0,1613.75
13.0,1607.0
14.0,1604.5
15.0,1602.5
16.0,1597.5
17.0,1604.0
10.0,1596.75
11.0,1593.5
12.0,1594.0
13.0,1594.75
14.0,1595.0
15.0,1597.0
16.0,1593.5
17.0,1590.75
10.0,1589.5
11.0,1587.0
12.0,1585.75
13.0,1582.75
14.0,1579.5
15.0,1578.0
16.0,1583.25
17.0,1589.0
10.0,1592.0
11.0,1590.75
12.0,1587.5
13.0,1586.25
14.0,1584.25
15.0,1583.0
16.0,1585.0
17.0,1587.5
10.0,1577.75
11.0,1574.25
12.0,1574.0
13.0,1574.25
14.0,1577.0
15.0,1575.0
16.0,1570.75
17.0,1583.0
10.0,1584.25
11.0,1586.5
12.0,1586.75
13.0,1586.0
14.0,1588.75
15.0,1589.75
16.0,1591.75
17.0,1592.5
10.0,1581.0
11.0,1578.25
12.0,1579.0
13.0,1579.0
14.0,1579.0
15.0,1578.0
16.0,1576.0
17.0,1576.75
10.0,1569.75
11.0,1569.75
12.0,1573.5
13.0,1578.25
14.0,1575.0
15.0,1580.25
16.0,1582.75
17.0,1583.75
10.0,1579.5
11.0,1582.75
12.0,1588.0
13.0,1590.75
14.0,1593.75
15.0,1593.5
16.0,1596.0
17.0,1596.0
10.0,1590.0
11.0,1588.5
12.0,1585.5
13.0,1587.75
14.0,1586.5
15.0,1585.0
16.0,1586.25
17.0,1580.5
10.0,1573.0
11.0,1570.75
12.0,1573.75
13.0,1573.5
14.0,1571.75
15.0,1571.5
16.0,1572.25
17.0,1571.75
10.0,1569.0
11.0,1571.25
12.0,1575.5
13.0,1576.5
14.0,1576.0
15.0,1573.75
16.0,1572.25
17.0,1571.25
10.0,1572.25
11.0,1573.25
12.0,1575.25
13.0,1576.0
14.0,1573.0
15.0,1575.0
16.0,1573.25
17.0,1574.25
10.0,1575.5
11.0,1575.75
12.0,1574.75
13.0,1576.75
14.0,1577.5
15.0,1579.25
16.0,1576.5
17.0,1579.25
10.0,1583.5
11.0,1581.75
12.0,1580.0
13.0,1582.5
14.0,1580.75
15.0,1582.25
16.0,1582.25
17.0,1576.5
10.0,1571.5
11.0,1576.0
12.0,1581.0
13.0,1582.75
14.0,1580.5
15.0,1579.75
16.0,1576.75
17.0,1573.0
10.0,1560.75
11.0,1560.5
12.0,1552.0
13.0,1555.75
14.0,1561.75
15.0,1565.25
16.0,1563.0
17.0,1565.75
10.0,1563.75
11.0,1567.25
12.0,1572.0
13.0,1575.0
14.0,1576.25
15.0,1579.75
16.0,1579.0
17.0,1576.25
10.0,1576.5
11.0,1575.0
12.0,1571.75
13.0,1573.75
14.0,1574.25
15.0,1570.5
16.0,1568.25
17.0,1571.5
10.0,1557.0
11.0,1552.5
12.0,1551.25
13.0,1555.5
14.0,1553.75
15.0,1553.5
16.0,1558.0
17.0,1559.75
10.0,1560.0
11.0,1563.25
12.0,1562.75
13.0,1560.5
14.0,1556.5
15.0,1557.5
16.0,1559.5
17.0,1559.25
10.0,1578.5
11.0,1577.0
12.0,1576.25
13.0,1574.0
14.0,1573.0
15.0,1576.25
16.0,1575.0
17.0,1572.75
10.0,1572.25
11.0,1573.5
12.0,1578.0
13.0,1580.25
14.0,1581.25
15.0,1583.5
16.0,1582.75
17.0,1577.75
10.0,1573.5
11.0,1577.25
12.0,1575.5
13.0,1578.5
14.0,1580.0
15.0,1582.5
16.0,1582.25
17.0,1579.25
10.0,1574.75
11.0,1571.75
12.0,1573.5
13.0,1572.25
14.0,1573.5
15.0,1572.5
16.0,1577.0
17.0,1576.25
10.0,1574.0
11.0,1571.75
12.0,1571.5
13.0,1573.5
14.0,1574.25
15.0,1579.75
16.0,1578.0
17.0,1572.25
10.0,1552.5
11.0,1549.0
12.0,1548.0
13.0,1546.75
14.0,1547.5
15.0,1551.25
16.0,1547.25
17.0,1550.5
10.0,1568.25
11.0,1568.25
12.0,1570.0
13.0,1572.0
14.0,1572.75
15.0,1574.25
16.0,1574.5
17.0,1574.75
10.0,1576.0
11.0,1577.75
12.0,1575.25
13.0,1575.0
14.0,1576.5
15.0,1576.5
16.0,1576.75
17.0,1571.75
10.0,1571.25
11.0,1566.75
12.0,1565.75
13.0,1562.25
14.0,1566.0
15.0,1565.75
16.0,1565.25
17.0,1557.75
10.0,1556.75
11.0,1556.75
12.0,1560.5
13.0,1562.75
14.0,1562.25
15.0,1567.0
16.0,1566.75
17.0,1574.0
10.0,1567.75
11.0,1569.0
12.0,1563.5
13.0,1564.5
14.0,1565.5
15.0,1565.25
16.0,1564.5
17.0,1566.25
10.0,1565.75
11.0,1557.0
12.0,1556.75
13.0,1553.25
14.0,1554.5
15.0,1554.0
16.0,1547.5
17.0,1551.0
10.0,1547.0
11.0,1548.25
12.0,1548.25
13.0,1549.75
14.0,1548.25
15.0,1547.5
16.0,1547.75
17.0,1548.25
10.0,1545.5
11.0,1542.0
12.0,1538.25
13.0,1535.75
14.0,1539.25
15.0,1537.5
16.0,1539.75
17.0,1534.5
10.0,1537.75
11.0,1532.5
12.0,1534.0
13.0,1536.5
14.0,1537.0
15.0,1538.25
16.0,1534.75
17.0,1536.75
10.0,1544.75
11.0,1543.75
12.0,1541.25
13.0,1539.0
14.0,1537.5
15.0,1535.25
16.0,1541.25
17.0,1545.5
10.0,1553.5
11.0,1557.5
12.0,1560.0
13.0,1558.25
14.0,1560.25
15.0,1561.0
16.0,1562.0
17.0,1562.5
10.0,1572.0
11.0,1573.25
12.0,1573.25
13.0,1574.25
14.0,1573.25
15.0,1574.75
16.0,1577.25
17.0,1575.0
10.0,1583.25
11.0,1587.75
12.0,1590.75
13.0,1588.0
14.0,1589.75
15.0,1590.0
16.0,1587.0
17.0,1588.5
10.0,1580.5
11.0,1582.75
12.0,1581.0
13.0,1582.5
14.0,1584.0
15.0,1585.0
16.0,1581.5
17.0,1584.5
10.0,1580.75
11.0,1583.0
12.0,1583.0
13.0,1584.5
14.0,1585.25
15.0,1582.5
16.0,1585.5
17.0,1587.0
10.0,1585.0
11.0,1583.0
12.0,1584.25
13.0,1584.25
14.0,1582.0
15.0,1580.0
16.0,1584.5
17.0,1588.25
10.0,1583.25
11.0,1585.0
12.0,1584.5
13.0,1582.75
14.0,1584.25
15.0,1584.75
16.0,1587.25
17.0,1586.75
10.0,1583.75
11.0,1585.0
12.0,1585.25
13.0,1582.0
14.0,1582.25
15.0,1582.75
16.0,1584.0
17.0,1582.0
10.0,1578.75
11.0,1579.0
12.0,1582.75
13.0,1587.0
14.0,1586.25
15.0,1585.0
16.0,1581.0
17.0,1582.5
10.0,1581.5
11.0,1585.75
12.0,1585.0
13.0,1588.75
14.0,1587.25
15.0,1584.75
16.0,1583.5
17.0,1585.25
10.0,1585.5
11.0,1587.5
12.0,1587.5
13.0,1587.75
14.0,1588.75
15.0,1587.25
16.0,1589.0
17.0,1586.75
10.0,1588.25
11.0,1588.75
12.0,1590.5
13.0,1592.0
14.0,1595.5
15.0,1594.0
16.0,1592.75
17.0,1590.75
10.0,1604.25
11.0,1604.25
12.0,1601.75
13.0,1599.0
14.0,1599.0
15.0,1598.0
16.0,1600.25
17.0,1603.5
10.0,1600.0
11.0,1598.25
12.0,1598.75
13.0,1598.75
14.0,1597.25
15.0,1596.5
16.0,1593.5
17.0,1590.0
10.0,1576.0
11.0,1574.25
12.0,1572.75
13.0,1575.75
14.0,1579.75
15.0,1576.25
16.0,1568.5
17.0,1563.0
10.0,1566.25
11.0,1566.75
12.0,1571.25
13.0,1563.5
14.0,1564.0
15.0,1566.75
16.0,1570.75
17.0,1571.5
10.0,1573.25
11.0,1574.5
12.0,1576.25
13.0,1577.0
14.0,1575.75
15.0,1574.0
16.0,1574.0
17.0,1568.25
10.0,1564.25
11.0,1569.0
12.0,1567.25
13.0,1566.75
14.0,1566.25
15.0,1564.5
16.0,1562.75
17.0,1561.5
10.0,1563.25
11.0,1561.75
12.0,1560.25
13.0,1561.25
14.0,1563.25
15.0,1559.5
16.0,1558.5
17.0,1551.25
10.0,1561.75
11.0,1561.0
12.0,1567.5
13.0,1566.75
14.0,1567.25
15.0,1560.75
16.0,1561.0
17.0,1559.5
10.0,1550.75
11.0,1543.0
12.0,1543.25
13.0,1544.5
14.0,1543.5
15.0,1547.25
16.0,1543.5
17.0,1546.0
10.0,1522.25
11.0,1517.25
12.0,1516.5
13.0,1512.75
14.0,1510.25
15.0,1511.25
16.0,1506.25
17.0,1510.75
10.0,1479.5
11.0,1473.25
12.0,1477.5
13.0,1467.75
14.0,1471.0
15.0,1471.25
16.0,1486.75
17.0,1480.75
10.0,1473.5
11.0,1478.5
12.0,1480.75
13.0,1485.5
14.0,1489.75
15.0,1489.0
16.0,1495.75
17.0,1509.5
10.0,1498.75
11.0,1493.0
12.0,1490.75
13.0,1485.75
14.0,1493.5
15.0,1492.0
16.0,1488.0
17.0,1483.0
10.0,1478.75
11.0,1472.5
12.0,1476.5
13.0,1468.0
14.0,1461.75
15.0,1474.75
16.0,1476.25
17.0,1460.75
10.0,1486.5
11.0,1485.75
12.0,1485.5
13.0,1479.75
14.0,1477.0
15.0,1475.0
16.0,1475.75
17.0,1482.0
10.0,1473.75
11.0,1474.0
12.0,1477.5
13.0,1477.25
14.0,1477.75
15.0,1479.25
16.0,1474.0
17.0,1474.5
10.0,1486.0
11.0,1489.25
12.0,1484.25
13.0,1485.0
14.0,1481.75
15.0,1474.25
16.0,1480.5
17.0,1488.75
10.0,1503.5
11.0,1505.0
12.0,1504.5
13.0,1503.5
14.0,1502.75
15.0,1505.5
16.0,1503.75
17.0,1495.75
10.0,1512.0
11.0,1515.0
12.0,1511.5
13.0,1509.75
14.0,1511.5
15.0,1508.25
16.0,1508.0
17.0,1512.0
10.0,1516.5
11.0,1515.0
12.0,1515.0
13.0,1514.5
14.0,1516.5
15.0,1516.25
16.0,1513.75
17.0,1509.5
10.0,1519.25
11.0,1512.5
12.0,1514.75
13.0,1514.25
14.0,1517.0
15.0,1518.75
16.0,1525.0
17.0,1526.0
10.0,1521.25
11.0,1519.5
12.0,1521.0
13.0,1524.25
14.0,1525.0
15.0,1527.5
16.0,1529.25
17.0,1536.75
10.0,1518.0
11.0,1520.25
12.0,1522.75
13.0,1522.5
14.0,1522.25
15.0,1523.25
16.0,1524.0
17.0,1528.0
10.0,1534.75
11.0,1533.0
12.0,1530.5
13.0,1534.75
14.0,1534.75
15.0,1539.0
16.0,1539.0
17.0,1538.5
10.0,1548.5
11.0,1545.0
12.0,1547.25
13.0,1548.25
14.0,1549.0
15.0,1550.5
16.0,1548.75
17.0,1546.25
10.0,1550.0
11.0,1547.0
12.0,1548.25
13.0,1545.5
14.0,1545.75
15.0,1548.0
16.0,1547.75
17.0,1547.75
10.0,1548.0
11.0,1549.0
12.0,1546.0
13.0,1544.75
14.0,1545.25
15.0,1546.5
16.0,1552.75
17.0,1549.25
10.0,1541.25
11.0,1530.25
12.0,1534.25
13.0,1530.75
14.0,1531.75
15.0,1535.5
16.0,1523.75
17.0,1525.75
10.0,1506.25
11.0,1502.5
12.0,1496.75
13.0,1498.0
14.0,1490.25
15.0,1493.75
16.0,1493.5
17.0,1491.0
10.0,1498.0
11.0,1502.75
12.0,1504.0
13.0,1500.75
14.0,1499.5
15.0,1499.25
16.0,1502.25
17.0,1506.5
10.0,1523.75
11.0,1525.75
12.0,1526.75
13.0,1527.75
14.0,1525.0
15.0,1523.25
16.0,1522.0
17.0,1520.75
10.0,1513.0
11.0,1510.5
12.0,1510.25
13.0,1511.75
14.0,1516.25
15.0,1518.0
16.0,1512.75
17.0,1523.5
10.0,1530.0
11.0,1534.0
12.0,1535.75
13.0,1537.0
14.0,1536.0
15.0,1537.25
16.0,1543.0
17.0,1543.5
10.0,1544.25
11.0,1545.25
12.0,1545.0
13.0,1543.75
14.0,1544.0
15.0,1552.75
16.0,1548.0
17.0,1550.25
10.0,1555.75
11.0,1554.25
12.0,1557.5
13.0,1557.0
14.0,1552.25
15.0,1554.5
16.0,1554.25
17.0,1552.0
10.0,1560.75
11.0,1560.75
12.0,1561.5
13.0,1559.5
14.0,1556.25
15.0,1553.5
16.0,1550.0
17.0,1543.25
10.0,1549.75
11.0,1555.0
12.0,1554.75
13.0,1558.5
14.0,1556.25
15.0,1553.25
16.0,1549.75
17.0,1547.25
